match_id,hero_id,gold_t,lane,lane_role,radiant_team,dire_team,radiant_win
7524401509,1,"[60, 308, 617, 973, 1441, 1682, 1932, 2216, 2564, 3253, 3725, 4428, 4983, 5690, 6254, 6719, 7783, 8712, 9511, 10152, 11513, 12799, 13099, 14139, 15065, 16329, 17442, 17537, 17970, 19225, 19895, 21110, 22862, 24019, 24889, 25690, 26233, 26897, 28101, 28775, 29870, 31472, 33097, 33932, 35939, 37105, 37211, 38548, 39935, 42104, 43058, 44358, 44652]",3.0,1.0,"[13, 10, 100, 30, 138]","[1, 25, 21, 112, 20]",False
7548252414,2,"[0, 205, 448, 831, 1235, 1491, 1780, 2272, 2657, 3677, 4111, 4647, 5279, 6037, 6949, 7381, 8181, 9513, 10362, 10622, 11773, 12145, 12882, 13306, 14065, 14539, 14634, 14968, 15168, 15734, 16179, 16955, 17235, 17735, 18004, 18247, 18347, 18969, 19069, 20418, 20518, 21077, 21644, 22211, 22833, 23416, 23639, 24348, 24555, 24903, 25135, 26877, 27533, 28469, 28948, 29054, 29160, 29520, 30565, 30806, 31468, 31812, 32408, 34596, 35451, 35880, 36407, 37190, 37302, 37550, 37890, 38529, 39465, 41564, 41838, 42247, 42589, 43728, 44291, 44404, 44666, 44914, 45395, 46274, 46702, 47617, 49119, 50018]",3.0,3.0,"[67, 2, 22, 20, 40]","[8, 97, 43, 27, 121]",True
7559833511,3,"[0, 170, 285, 375, 505, 595, 706, 967, 1147, 1237, 1372, 1503, 1683, 2093, 2490, 2585, 2806, 2900, 2995, 3380, 3654, 3954, 4352, 4447, 4542, 4708, 4803, 5017, 5238, 5532, 5628, 6021, 6365, 7028, 7502, 7650, 7850, 7950, 8149, 8249, 8607, 9225, 9325, 9560, 10022, 10960, 11614, 11992, 12901, 13483, 13728, 13960]",3.0,1.0,"[48, 76, 97, 65, 110]","[25, 13, 102, 26, 3]",False
7600037606,4,"[0, 287, 666, 1028, 1313, 1533, 1794, 2239, 2526, 3291, 3771, 4161, 4730, 5238, 5709, 6577, 7596, 8514, 9382, 10283, 11038, 12222, 13039, 14012, 14836, 15340, 16097, 16297, 16447, 17323, 17840, 18230, 18788, 19745, 20405, 21118, 22051, 22935, 23849, 24430, 25344, 26371, 27443, 27866, 28387, 31301, 32560, 34048, 37215, 38538]",1.0,1.0,"[4, 129, 31, 126, 27]","[110, 86, 41, 34, 96]",True
7611209103,5,"[0, 302, 437, 652, 806, 1027, 1389, 1670, 1805, 2120, 2602, 2848, 3303, 3485, 3870, 4348, 4675, 4780, 5084, 5681, 5909, 6077, 6366, 6566, 6821, 7100, 8201, 8872, 9159, 9255, 9829, 9974, 10074, 10389, 10489, 10626, 10894, 10994, 11614, 12014, 12213, 12403, 12503, 12822, 13031, 13592, 13698, 13949, 14055, 14395, 14788, 15020, 15125, 15289, 15395, 16135, 16241]",3.0,1.0,"[44, 62, 28, 121, 85]","[109, 120, 101, 5, 129]",False
7535614616,6,"[0, 663, 1026, 1573, 1844, 2405, 2615, 2967, 3392, 3544, 4025, 4420, 4896, 5348, 5733, 6266, 6671, 7196, 8480, 9435, 10415, 11422, 12660, 13324, 14249, 14958, 15647, 16295, 16945, 17492, 18065, 19021, 19923, 20746, 20894, 21414, 22070, 22357, 22457, 23251, 23812, 25438, 27289, 27739, 28488, 28699, 28805, 28911, 29483, 30241, 30882, 31034]",1.0,1.0,"[6, 31, 29, 49, 100]","[63, 113, 2, 22, 102]",False
7550385619,7,"[0, 244, 474, 784, 1150, 1507, 1753, 2427, 2685, 3112, 3511, 4166, 4681, 5021, 5596, 6158, 7424, 8061, 8155, 8728, 9030, 9894, 10202, 10723, 11131, 11672, 12239, 12747, 13085, 14286, 14819, 16170, 16535, 17697, 18694, 19317, 20790, 20989, 21437, 22071, 23735, 24321, 24794, 25370, 25820, 26248, 26785, 27709, 27864, 28130, 29533, 30502, 31051, 32024, 33207]",2.0,2.0,"[41, 53, 7, 121, 106]","[49, 98, 19, 58, 21]",True
7548252414,8,"[0, 205, 472, 799, 1204, 1587, 1995, 2579, 3091, 3333, 3986, 4237, 4754, 5208, 5659, 6371, 7217, 7477, 8184, 9194, 9457, 9816, 10606, 10921, 11389, 12282, 12596, 13119, 13570, 14017, 14113, 14635, 15505, 16953, 17508, 18345, 18649, 19875, 21203, 22206, 22306, 22911, 23497, 24525, 25809, 26609, 27617, 27906, 28562, 29349, 30047, 31605, 32273, 32579, 32937, 33721, 34000, 34106, 34386, 34899, 35004, 35408, 36294, 39276, 40228, 40334, 40446, 41116, 41735, 42033, 42298, 43600, 44808, 45567, 48030, 48706, 49190, 49990, 50692, 51183, 51739, 52171, 52621, 53850, 54712, 57008, 58073, 59104]",3.0,1.0,"[67, 2, 22, 20, 40]","[8, 97, 43, 27, 121]",False
7625796211,9,"[0, 301, 443, 533, 713, 803, 1305, 1405, 1544, 1709, 2015, 2151, 2407, 2648, 2802, 3135, 3425, 3617, 4219, 4651, 4976, 5579, 5788, 6569, 6664, 6759, 6883, 6978, 7074, 7388, 7646, 7924, 8307, 9112, 9564, 9664, 10006, 10260, 10418, 10704, 10988, 11212, 11760, 12145, 12489, 12815, 13006, 13517, 13763, 14273, 15221, 15590, 17432, 18138, 18502, 18608, 18883, 19203, 19333, 19609, 19746, 20258, 20632, 21096, 21685, 22620, 23399, 23716, 24149, 25547, 26795, 28248]",3.0,3.0,"[85, 44, 97, 9, 126]","[109, 35, 104, 86, 110]",False
7570812500,10,"[0, 242, 521, 717, 1095, 1546, 1893, 2256, 2796, 3431, 3763, 4589, 5462, 6242, 6650, 7328, 8143, 8777, 10206, 10812, 11424, 12149, 13245, 14177, 14977, 15895, 16910, 17004, 17660, 18971, 19974, 21741, 22765, 23562, 23842, 24185, 25738, 26934, 27702, 28316, 28779, 29694, 30796, 31608, 32589, 33254, 34206, 35095, 36424, 37493, 38281, 40249, 41411, 41913, 42352, 43387, 44053, 45536, 46345, 46618, 46724, 47329, 48103]",1.0,1.0,"[123, 17, 38, 10, 21]","[95, 57, 37, 98, 86]",False
7532211815,11,"[0, 256, 622, 840, 1190, 1461, 1771, 1990, 2355, 2760, 3023, 3543, 3980, 4581, 5283, 6137, 6691, 7230, 8161, 9335, 10037, 10655, 11337, 12262, 13024, 13857, 14441, 14642, 15097, 16028, 16124, 17045, 17871, 18563, 19746, 20682, 20782, 21577, 22135, 22898, 23919, 24794, 26037, 27321, 28909, 30750, 32401, 33018, 33344, 33782, 34552, 36136]",1.0,1.0,"[60, 17, 19, 102, 11]","[21, 79, 58, 23, 76]",True
7541933305,12,"[60, 288, 776, 987, 1491, 1795, 2212, 2715, 3160, 3735, 4368, 4830, 5607, 6342, 7141, 7767, 8404, 9275, 10069, 10570, 11564, 12247, 12882, 13338, 13994, 15274, 15928, 16488, 17415, 18274, 19572, 20945, 22260, 23105, 24285, 24475, 25292, 26369, 27067, 28175, 29154, 29389, 29666, 30741, 31753, 32985, 33943, 34545, 35593, 36892, 37721, 38893, 39680, 42001, 44142, 45342, 46527, 49720]",3.0,1.0,"[10, 45, 23, 19, 47]","[12, 65, 74, 96, 20]",True
7632649002,13,"[0, 170, 437, 809, 1102, 1442, 1683, 2181, 2664, 3250, 3717, 4022, 4534, 4952, 5325, 5998, 6649, 7307, 7744, 8342, 8948, 9789, 10653, 11001, 11346, 11722, 12260, 12796, 13214, 14112, 14249, 15448, 15980, 16080, 16440, 16540, 17245, 18099, 18948, 19409, 20676, 22028, 22606, 23492, 24718, 25895, 27482, 28529, 29440, 30477, 31150, 32108, 32214, 32320, 33470, 34385, 36037, 36464, 36570, 37087, 37553, 38855, 39332, 41293]",2.0,2.0,"[110, 19, 137, 41, 121]","[13, 70, 129, 9, 79]",False
7522545002,14,"[0, 239, 532, 874, 1035, 1222, 1395, 1485, 1795, 1984, 2361, 2541, 3148, 3351, 3646, 4186, 4491, 4649, 5003, 5206, 5405, 5506, 5685, 6319, 6414, 6599, 7114, 7375, 8017, 8288, 8384, 8754, 9946, 10635, 10825, 11192, 11292, 11491, 11711, 12122, 12979, 13079, 14764, 15098, 15487, 17176, 17758, 18029, 18179, 18353, 18489, 18669, 18775, 19170, 20855, 21355]",1.0,1.0,"[93, 20, 47, 110, 14]","[70, 25, 29, 27, 121]",False
7541784709,15,"[0, 329, 641, 1003, 1425, 1882, 2184, 3083, 3501, 4149, 4325, 4572, 4833, 5595, 6019, 6630, 7183, 8078, 8744, 9652, 10480, 11055, 11844, 12527, 13097, 13598, 14059, 14568, 14907, 15552, 16679, 17017, 17195, 18119, 18309, 18563, 20082, 20645, 21124, 21950, 23567, 23902, 25311, 25751, 26925, 27317, 28206, 28755, 30441, 30908, 31570, 32228, 33352, 33838, 34380, 35078, 35948, 36615, 38322, 38957, 40446, 41435, 42406, 44712]",2.0,2.0,"[137, 65, 83, 38, 21]","[96, 41, 15, 20, 87]",True
7573302602,16,"[0, 291, 537, 1255, 1671, 1918, 2148, 2500, 2881, 3090, 3572, 3991, 4838, 5557, 5885, 6896, 7482, 7768, 8100, 9046, 9635, 9898, 10749, 11789, 12318, 12718, 12894, 13865, 14673, 15269, 16053, 16866, 17942, 18807, 20085, 20824, 22336, 22733, 22833, 23554, 24883, 24983, 26169, 26655, 27813, 28398, 29549, 30856, 31341, 32503]",1.0,3.0,"[46, 29, 121, 31, 39]","[23, 95, 101, 16, 71]",True
7570812500,17,"[0, 277, 602, 970, 1370, 1682, 2193, 2752, 3351, 3889, 4443, 4780, 5879, 6597, 6958, 7546, 8444, 9044, 9845, 10200, 10899, 11675, 12381, 13027, 14038, 14426, 15105, 15802, 16173, 16378, 16773, 17086, 17650, 17750, 18487, 18631, 18731, 19328, 19836, 20405, 21232, 21422, 22096, 22813, 23597, 24466, 24949, 25415, 25521, 26388, 26728, 27789, 29059, 29895, 30001, 30819, 30925, 31830, 32365, 32827, 33894, 34757, 34862]",2.0,2.0,"[123, 17, 38, 10, 21]","[95, 57, 37, 98, 86]",False
7619853714,18,"[0, 206, 707, 997, 1393, 1917, 2263, 2455, 3005, 3626, 4100, 5029, 5635, 6454, 6973, 8168, 8974, 10045, 11264, 12141, 13081, 13332, 14619, 15134, 16208, 17193, 17888, 18946, 19469, 20577, 21654, 22587, 23296, 23805, 25333, 26492, 26966, 27772, 29010, 29643, 29743, 29985, 30688, 30933, 31434, 32445, 33611, 34928, 35541, 35763, 37067, 37630, 37736, 37842, 37948, 39361, 39467, 40712, 41197, 41453]",1.0,1.0,"[18, 90, 106, 138, 121]","[70, 129, 52, 43, 19]",False
7632649002,19,"[0, 329, 665, 1003, 1429, 1808, 2272, 2581, 3004, 3561, 4063, 4694, 4836, 5138, 5754, 6009, 6653, 7256, 7887, 8296, 8738, 9872, 10389, 11273, 11768, 12658, 13065, 14039, 14826, 16243, 16564, 17817, 19047, 19632, 21745, 22869, 23539, 24065, 24927, 25328, 25848, 26737, 27363, 27896, 27996, 28096, 28202, 28900, 29006, 29111, 29748, 31182, 31825, 31931, 32441, 33418, 34365, 35071, 35414, 36963, 37204, 37728, 38339, 40669]",2.0,2.0,"[110, 19, 137, 41, 121]","[13, 70, 129, 9, 79]",True
7548252414,20,"[0, 169, 284, 374, 464, 601, 691, 781, 919, 1309, 1444, 1604, 1920, 2191, 2338, 2433, 2771, 3600, 3981, 4138, 4412, 4670, 4765, 4968, 5193, 5470, 5565, 5794, 5890, 6459, 6882, 7182, 7664, 7810, 8206, 8526, 8626, 9035, 9522, 10052, 10152, 10360, 10652, 10906, 11006, 11322, 11545, 11860, 11966, 12207, 12476, 13400, 13877, 13983, 14434, 14676, 14782, 15220, 15596, 15837, 16077, 16414, 16800, 17575, 17681, 17787, 17899, 18471, 18704, 18952, 19064, 19481, 20051, 21289, 21711, 22236, 22676, 24150, 24481, 24875, 25160, 25408, 25670, 26427, 26617, 27423, 28309, 28504]",1.0,1.0,"[67, 2, 22, 20, 40]","[8, 97, 43, 27, 121]",True
7541784709,21,"[0, 243, 533, 750, 1096, 1335, 1785, 2126, 2783, 3331, 3674, 4207, 4599, 5326, 5727, 6320, 7081, 7786, 8380, 8984, 9497, 10015, 10991, 11854, 12647, 13782, 14858, 16472, 17080, 17531, 18082, 18596, 19102, 19394, 20727, 21306, 22070, 22784, 23098, 23271, 24586, 25042, 25433, 26348, 26632, 26843, 27265, 28156, 28903, 29603, 29805, 30556, 31164, 31308, 31448, 32202, 33068, 33380, 33832, 34794, 36062, 36483, 36844, 36950]",1.0,1.0,"[137, 65, 83, 38, 21]","[96, 41, 15, 20, 87]",False
7536677705,22,"[73, 326, 719, 1125, 1390, 1800, 2373, 2730, 3237, 3697, 4331, 4849, 5336, 6039, 6297, 6943, 7283, 7632, 8087, 8984, 9374, 9768, 10595, 11000, 11900, 12707, 13196, 13372, 13792, 13983, 14957, 15484, 16846, 17161, 18101, 18308, 18538, 18715, 19156, 19391, 19986, 20685, 21823, 22993, 23455, 24856, 25455, 26173, 26836, 27994, 29234, 29909, 30935, 31041, 31654, 32357, 32860, 33654, 34659, 35407, 35882, 36814, 38081, 38503, 39020, 40002, 40604, 43165, 44259, 44819, 46364, 47051, 48517, 49939, 51817, 52292, 53329, 54190, 54664, 56024, 56508, 57114, 58073, 58821, 59270, 60163, 60828, 61121, 62732, 62852, 63107, 64260, 66175, 66454, 67460, 67961, 68974]",2.0,2.0,"[113, 22, 96, 65, 105]","[94, 106, 69, 58, 121]",True
7611956203,23,"[0, 280, 488, 858, 1541, 1650, 2265, 2695, 3070, 3513, 3658, 4153, 4568, 5101, 5870, 6447, 6942, 7520, 7949, 9007, 9289, 9550, 10340, 10574, 10950, 11044, 12282, 12768, 13029, 13650, 14063, 14163, 14797, 15160, 16523, 17000, 18076, 18531, 18860, 19366, 19791, 20671, 20967, 21067, 21898, 22217, 22985, 24210, 24730, 26307, 26714, 26820, 27905, 28525, 28836, 29755, 30123, 30388, 31117, 31304, 32220, 32981, 33490, 33917, 34935, 35164, 35497, 36217, 36797, 36909, 37108, 37747, 39252]",1.0,3.0,"[28, 105, 20, 113, 120]","[72, 137, 63, 23, 121]",True
7522545002,25,"[0, 222, 592, 924, 1316, 1813, 2531, 3073, 3755, 4175, 4419, 4763, 5279, 5664, 6673, 6842, 7766, 8162, 8739, 9472, 9766, 10896, 12774, 13467, 14280, 14843, 16347, 17127, 18401, 19889, 20326, 21322, 22369, 23494, 24469, 25140, 25416, 26607, 27214, 28269, 30442, 32371, 33229, 33449, 34200, 34536, 34642, 35146, 36543, 37622, 38688, 39173, 40525, 41743, 42302, 42835]",2.0,2.0,"[93, 20, 47, 110, 14]","[70, 25, 29, 27, 121]",True
7606260002,26,"[0, 210, 344, 434, 572, 708, 798, 937, 1340, 1677, 2204, 2702, 2888, 3138, 3415, 3817, 4199, 4632, 4922, 5283, 5432, 6287, 6742, 6924, 7018, 7713, 7889, 8258, 8481, 8621, 8876, 9066, 9496, 10557, 10657, 11351, 11451, 11696, 11906, 12469, 12878, 13613, 14436, 14915, 15273, 15601, 15771, 16371, 16477, 16938, 17044, 17150, 17750, 17856, 18544, 19425, 19989, 20988, 21229, 21335]",3.0,3.0,"[45, 73, 21, 26, 28]","[98, 83, 15, 65, 106]",False
7548252414,27,"[100, 269, 359, 449, 652, 817, 953, 1043, 1178, 1529, 1664, 1875, 2150, 2433, 2695, 2893, 3497, 3820, 4008, 4322, 4653, 5090, 5412, 5554, 6807, 7182, 7309, 7512, 7865, 8344, 8668, 8926, 9026, 9374, 9623, 9939, 10240, 10640, 10839, 12099, 12446, 12669, 12804, 13185, 13656, 14010, 14391, 14746, 14973, 15615, 15940, 16046, 16360, 16750, 17108, 17361, 17540, 17646, 17954, 18235, 18650, 18824, 19715, 21286, 22017, 22666, 23083, 24071, 24551, 24965, 25749, 26959, 27435, 27933, 29394, 29936, 30365, 31610, 32084, 32909, 33471, 33764, 34277, 34632, 35432, 37571, 38241, 39549]",1.0,3.0,"[67, 2, 22, 20, 40]","[8, 97, 43, 27, 121]",False
7611956203,28,"[0, 130, 506, 753, 1162, 1424, 1803, 2222, 2587, 2973, 3482, 3930, 4508, 5492, 6126, 7151, 7541, 8495, 8712, 9201, 9603, 10166, 10650, 10994, 11324, 12537, 13115, 13467, 13786, 14096, 14290, 14523, 14841, 15494, 15594, 16320, 16420, 17109, 17626, 18126, 18795, 19290, 20104, 20293, 21638, 22219, 22324, 22969, 23075, 23812, 24672, 24895, 25417, 26331, 27099, 27809, 28201, 29896, 30697, 31174, 32001, 33275, 33923, 35612, 36154, 37503, 38531, 39299, 40285, 40831, 41325, 41774, 41887]",3.0,3.0,"[28, 105, 20, 113, 120]","[72, 137, 63, 23, 121]",False
7568433407,29,"[0, 169, 375, 704, 1154, 1591, 1911, 2261, 2652, 2742, 2926, 3253, 3540, 4242, 4692, 5466, 5665, 6249, 6663, 7277, 7647, 8082, 8546, 9025, 9587, 10268, 10733, 10914, 11390, 11675, 12598, 13321, 14339, 14645, 14927, 15027, 15379, 15562, 15761, 15996, 16589, 18191, 18816, 19211, 19506, 19952, 20491, 21526, 22008, 23226, 24186, 24408, 25050, 25733, 26119, 26225, 26695, 27871, 27977, 28218, 30187, 30789]",1.0,3.0,"[121, 123, 2, 71, 114]","[63, 29, 65, 100, 79]",True
7524401509,30,"[0, 205, 295, 385, 520, 728, 862, 952, 1181, 1330, 1500, 1798, 1979, 2176, 2319, 2430, 3334, 3492, 3586, 4233, 4385, 5435, 5820, 6558, 6757, 7156, 7899, 8257, 8668, 9075, 9381, 9602, 10196, 10468, 10610, 10972, 12719, 13003, 13284, 13550, 13843, 13985, 14193, 14609, 15988, 17433, 17606, 17939, 19091, 19271, 19452, 22051, 23382]",1.0,1.0,"[13, 10, 100, 30, 138]","[1, 25, 21, 112, 20]",True
7529378713,31,"[0, 311, 401, 491, 619, 709, 1098, 1278, 1458, 1548, 1939, 2356, 2446, 2714, 2982, 3933, 4389, 5230, 5325, 5461, 5733, 6326, 6493, 7026, 7449, 7615, 8133, 8382, 8803, 9422, 10272, 11470, 12534, 12992, 13092, 13430, 13689, 14372, 14905, 15397, 15537, 16858, 17796, 18433, 18641, 20097, 20967, 21271, 21693, 22051, 22157, 23374]",3.0,1.0,"[76, 85, 43, 53, 19]","[80, 31, 23, 112, 26]",True
7553654119,32,"[144, 431, 628, 849, 1140, 1492, 1713, 2085, 2363, 2621, 3016, 3310, 3798, 4566, 4935, 5400, 5711, 6614, 7081, 7742, 8169, 8595, 8816, 9279, 9922, 10279, 10858, 12006, 12267, 12826, 12922, 13636, 14774, 15703, 16056, 16716, 17652, 18819, 20004, 21592, 23014, 23851, 25102, 25202, 25582, 25983, 26463, 27124, 27545, 27651, 28216, 29538, 29644, 29750, 30980, 32458, 33253, 33993, 34594, 34987, 35693, 35799]",1.0,1.0,"[32, 83, 97, 45, 90]","[21, 51, 120, 23, 112]",False
7588655005,33,"[0, 170, 260, 350, 566, 745, 1071, 1243, 1431, 1625, 2140, 2537, 2746, 3406, 3900, 4413, 4908, 5356, 5733, 6499, 7239, 7797, 8319, 9044, 9750, 10403, 10883, 11400, 12102, 12273, 12626, 13052, 14037, 14602, 15185, 15397, 15789, 16064, 16860, 17174, 17919, 19112, 19355, 19859, 19959, 20193, 20804, 21148, 21254, 21360, 21914, 22020, 22860, 23533, 23979, 24795, 25543, 25649]",3.0,1.0,"[112, 106, 96, 123, 94]","[10, 120, 69, 20, 33]",False
7581196114,34,"[0, 214, 500, 906, 1289, 1632, 1851, 2111, 2447, 2732, 3010, 3453, 3543, 3638, 3918, 4594, 5207, 5587, 5908, 6286, 6381, 7099, 7559, 8062, 8736, 9064, 9650, 9945, 10236, 10862, 11559, 13968, 14987, 16100, 17439, 18101, 18662, 20374, 20474, 20966, 22355, 24163, 24547, 25724, 27248, 27458, 29385, 30331, 31141, 32101, 32965, 34140, 34246]",2.0,2.0,"[34, 20, 101, 41, 28]","[86, 98, 25, 26, 94]",False
7625796211,35,"[0, 127, 376, 734, 1110, 1274, 1626, 2234, 2630, 3077, 3856, 4362, 5128, 5672, 6424, 7043, 7733, 8306, 8851, 9352, 9841, 10898, 11582, 12305, 12926, 13633, 14170, 14424, 14756, 15346, 15754, 16223, 17272, 17711, 17811, 18024, 18647, 18985, 19807, 20139, 20352, 20613, 20713, 21115, 21532, 21632, 22660, 23375, 23597, 24084, 24524, 25050, 26568, 26674, 27092, 27237, 27953, 28337, 28835, 29680, 30327, 31223, 32665, 34377, 35056, 35666, 36321, 36893, 37440, 37785, 38051, 39012]",2.0,2.0,"[85, 44, 97, 9, 126]","[109, 35, 104, 86, 110]",True
7549256701,36,"[0, 331, 658, 1074, 1415, 1660, 2150, 2493, 3183, 3397, 3952, 4394, 4745, 5230, 5775, 6051, 6590, 7396, 8098, 8681, 9894, 10184, 10507, 11033, 11241, 12047, 13843, 14557, 15058, 16434, 17117, 18242, 18342, 19644, 20891, 22348, 22689, 23485, 24029, 24535, 25759, 25954, 27471, 29275, 29962, 31245, 33095, 34548, 35780, 35886, 35992, 36562, 38100, 40992, 42448, 43750, 44953]",1.0,1.0,"[120, 83, 36, 28, 121]","[26, 95, 74, 60, 112]",True
7570812500,37,"[0, 170, 260, 398, 528, 618, 727, 817, 952, 1077, 1304, 1443, 1667, 1875, 2214, 2498, 2676, 3041, 3586, 3947, 4041, 4375, 4617, 4787, 5007, 5901, 6159, 6895, 7606, 7912, 8240, 8500, 9423, 9952, 10809, 12620, 13142, 13547, 13795, 14149, 14946, 15222, 15655, 15863, 16130, 16616, 16834, 17065, 17541, 18038, 18851, 19870, 20102, 21328, 21989, 22429, 22535, 22734, 22840, 24228, 24548, 25287, 26392]",1.0,3.0,"[123, 17, 38, 10, 21]","[95, 57, 37, 98, 86]",True
7541784709,38,"[0, 168, 471, 772, 1554, 1987, 2387, 2738, 3333, 3929, 4251, 4609, 4984, 5666, 6252, 6939, 7898, 8535, 9243, 9879, 10481, 11068, 11603, 12716, 13755, 14521, 15478, 16787, 17038, 17429, 17789, 18237, 18397, 18880, 19165, 19659, 19921, 20021, 20430, 20945, 21582, 22786, 23486, 23987, 24716, 26051, 26664, 27357, 28487, 29205, 29774, 30510, 30757, 30998, 31962, 32449, 32986, 33291, 34062, 34810, 35293, 36077, 37000, 37106]",3.0,3.0,"[137, 65, 83, 38, 21]","[96, 41, 15, 20, 87]",False
7561841307,39,"[0, 298, 569, 905, 1180, 1512, 1803, 2428, 2704, 2956, 3159, 3712, 4084, 4526, 4901, 5548, 5812, 6316, 6817, 7897, 9122, 9658, 10372, 10822, 11601, 12651, 13546, 13957, 15041, 16219, 16506, 17661, 18106, 18791, 20328, 21129, 21275, 21375, 22594, 23147, 23555, 24015, 24318, 25143, 25556, 26044, 26949, 27509, 28297, 29046, 29471, 31466, 31946, 32822, 33406]",2.0,2.0,"[80, 129, 20, 45, 39]","[21, 136, 106, 10, 137]",False
7548252414,40,"[0, 517, 632, 722, 904, 1004, 1141, 1415, 1505, 1845, 2067, 2389, 2908, 3034, 3444, 3640, 3944, 4587, 5079, 5514, 6035, 6419, 6852, 7396, 7888, 8334, 8477, 8816, 9040, 9445, 9805, 10297, 10912, 11430, 11620, 12117, 12514, 12923, 13541, 14911, 15589, 15797, 16122, 16375, 16701, 17017, 17279, 18145, 18349, 18590, 18822, 20243, 20600, 20755, 20961, 21067, 21266, 21696, 22384, 22723, 23472, 24068, 25212, 26310, 26932, 27382, 27523, 28345, 28815, 29160, 29462, 30528, 31978, 33410, 34042, 35010, 35770, 37387, 37858, 38414, 38612, 38860, 39651, 40617, 41126, 41908, 43200, 44175]",3.0,3.0,"[67, 2, 22, 20, 40]","[8, 97, 43, 27, 121]",True
7541784709,41,"[0, 245, 447, 766, 1016, 1258, 1616, 2017, 2262, 2631, 2990, 3382, 3748, 4178, 4789, 5165, 5634, 5974, 6446, 6768, 7246, 7828, 8287, 9007, 9762, 9857, 10515, 11306, 12858, 13415, 14920, 15795, 16090, 17224, 17920, 18382, 19794, 20105, 20827, 21553, 22599, 23216, 24558, 25717, 26405, 27631, 28312, 29316, 30498, 32073, 33514, 35318, 37025, 38916, 39383, 40679, 41730, 43025, 44297, 45831, 47506, 48387, 49107, 50291]",3.0,1.0,"[137, 65, 83, 38, 21]","[96, 41, 15, 20, 87]",True
7589043306,42,"[0, 285, 642, 964, 1380, 1899, 2180, 2816, 3265, 3727, 4298, 4634, 5369, 5978, 6576, 6950, 7829, 8633, 9660, 10221, 10618, 11634, 12648, 13827, 14510, 15951, 17073, 18400, 19506, 20194, 21257, 22032, 23290, 23743, 24306, 25143, 25870, 27967, 28673, 29937, 30689, 30836, 30936, 32308, 33014, 33329, 33669, 35377, 36431, 37644, 38364, 39696]",2.0,2.0,"[17, 43, 14, 19, 20]","[42, 98, 26, 72, 80]",True
7548252414,43,"[0, 237, 486, 816, 1336, 1465, 1555, 1965, 2295, 2626, 3014, 3351, 3496, 3819, 4343, 4547, 5000, 5247, 5757, 6464, 6939, 7635, 8213, 8347, 9207, 9646, 9959, 10264, 10801, 11108, 11342, 12333, 12777, 13314, 13785, 14233, 14928, 15194, 15393, 16061, 16161, 16455, 16745, 17215, 17918, 18132, 18474, 18911, 19801, 20327, 20433, 21002, 21107, 21353, 21750, 21980, 22188, 22746, 23188, 23394, 23610, 24029, 25705, 27407, 27979, 28254, 29005, 29614, 30159, 30833, 31290, 32427, 32701, 33037, 33311, 33586, 34187, 34808, 35365, 35954, 36369, 36891, 37276, 38290, 38850, 40142, 40956, 42253]",1.0,3.0,"[67, 2, 22, 20, 40]","[8, 97, 43, 27, 121]",False
7625796211,44,"[0, 336, 610, 1009, 1172, 1750, 2201, 2503, 3003, 3506, 3998, 4481, 4935, 5375, 6095, 6926, 7664, 8532, 9159, 9698, 10250, 11238, 12049, 12870, 13262, 14433, 15284, 15886, 16125, 17308, 17762, 18795, 19335, 21465, 21927, 22402, 23048, 23346, 23875, 25248, 26144, 28309, 29068, 29727, 31665, 32220, 32988, 34457, 35609, 37187, 39659, 40737, 42723, 43708, 44813, 45682, 46835, 47475, 47844, 48740, 49914, 50358, 51349, 52927, 53789, 55522, 56654, 57508, 57922, 60826, 62574, 65232]",1.0,1.0,"[85, 44, 97, 9, 126]","[109, 35, 104, 86, 110]",False
7553654119,45,"[144, 463, 553, 703, 793, 912, 1096, 1383, 1489, 1579, 1971, 2146, 2402, 2658, 2870, 3174, 3731, 4326, 4681, 4954, 5256, 5636, 5731, 5993, 6263, 6620, 7179, 7366, 7462, 7648, 7744, 8194, 8987, 9298, 9853, 10091, 10191, 11322, 11799, 12761, 14021, 14267, 15173, 15393, 15702, 15802, 16282, 16533, 16929, 17035, 17303, 17513, 18031, 18644, 19141, 19609, 19715, 19953, 20711, 20917, 21342, 21448]",3.0,3.0,"[32, 83, 97, 45, 90]","[21, 51, 120, 23, 112]",False
7583012200,46,"[0, 205, 530, 693, 1212, 1577, 1902, 2423, 2918, 3550, 4162, 4733, 5490, 6408, 6984, 7727, 8391, 9060, 9830, 10439, 11072, 11644, 12896, 13284, 13568, 14104, 14937, 15819, 16941, 17756, 18715, 19156, 19793, 20369, 21076, 22297, 23220, 24524, 25264, 25720, 26430, 27245, 29046, 30454, 31638, 32156, 32895, 34188, 35338, 36464, 37286, 40974, 42343, 42794, 43929, 44454, 46170]",3.0,1.0,"[89, 106, 137, 112, 105]","[111, 73, 50, 19, 46]",True
7541933305,47,"[0, 429, 668, 955, 1121, 1583, 1960, 2087, 2321, 2710, 2963, 3274, 3449, 4026, 4245, 4384, 4862, 5539, 5762, 6325, 6828, 7499, 8438, 9298, 9784, 10316, 10776, 11063, 11875, 12326, 12668, 13202, 13302, 13828, 14918, 15896, 16585, 17249, 17431, 17688, 18072, 19212, 19772, 20205, 20882, 20987, 21479, 21725, 22321, 23000, 23285, 24076, 24860, 25255, 25361, 25491, 25999, 26921]",3.0,3.0,"[10, 45, 23, 19, 47]","[12, 65, 74, 96, 20]",False
7519118314,48,"[0, 209, 450, 657, 851, 1013, 1223, 1708, 1934, 2239, 2655, 2993, 3380, 3974, 4735, 5564, 6105, 6408, 7106, 7887, 8457, 8990, 9649, 10800, 11510, 12298, 13270, 14103, 14996, 15425, 16191, 16647, 17721, 18979, 19631, 20888, 21159, 23115, 23215, 24029, 24597, 25371, 26722, 27160, 28036, 29192, 29401, 30163, 30993, 32219, 33184, 34829, 36244, 39116, 40269, 41107, 42151, 43091, 44157, 45547]",3.0,1.0,"[53, 51, 136, 20, 10]","[80, 112, 83, 23, 48]",True
7612171311,49,"[0, 300, 628, 892, 1274, 1601, 2059, 2580, 3041, 3320, 3983, 4553, 5160, 5634, 6392, 6842, 7176, 7596, 8290, 8858, 9442, 10105, 10606, 11690, 12152, 12840, 14108, 14941, 15778, 16501, 17243, 17811, 18315, 18785, 19645, 21252, 21352, 21572, 22197, 23701, 24898, 26264, 26524, 27557, 28362, 29254, 30560, 31871, 32620, 33251, 33639, 34096, 35548, 36686, 37450, 37860, 38685, 39665, 40876, 41447, 42270, 42712]",1.0,3.0,"[89, 45, 23, 9, 60]","[49, 13, 85, 73, 128]",True
7583012200,50,"[0, 166, 479, 971, 1422, 1913, 2523, 2929, 3605, 4063, 4402, 5049, 5517, 6023, 6649, 7173, 8228, 8458, 8981, 9399, 10233, 10573, 10914, 11663, 12089, 12961, 13626, 14134, 15056, 15729, 16217, 16751, 17056, 17287, 18087, 18691, 19592, 20520, 21010, 21308, 21943, 22640, 23220, 24145, 25450, 26422, 28088, 30350, 31018, 31947, 32835, 34596, 36275, 37089, 38477, 38871, 39582]",2.0,2.0,"[89, 106, 137, 112, 105]","[111, 73, 50, 19, 46]",True
7553654119,51,"[119, 348, 438, 595, 760, 1060, 1158, 1280, 1428, 1518, 1792, 2005, 2272, 2508, 2603, 2907, 3313, 3407, 3666, 4216, 4755, 4850, 5793, 6510, 6713, 7694, 8199, 9310, 9697, 10331, 11666, 11971, 12448, 12548, 13193, 13593, 14131, 14772, 15591, 16306, 16406, 17128, 18055, 19099, 19307, 20310, 21638, 22511, 23261, 24333, 25037, 25626, 26134, 26407, 26853, 27480, 27918, 28093, 29086, 29261, 30726, 31553]",3.0,1.0,"[32, 83, 97, 45, 90]","[21, 51, 120, 23, 112]",True
7619853714,52,"[0, 209, 299, 406, 565, 704, 842, 1022, 1198, 1500, 1829, 1929, 2146, 2538, 3155, 3426, 3779, 4220, 4432, 4590, 4685, 5035, 5255, 5823, 5990, 6504, 7030, 7125, 7302, 7432, 7948, 8602, 9237, 9656, 10143, 10243, 10817, 11278, 11378, 12307, 12616, 13087, 13187, 14842, 15284, 15384, 15946, 16101, 16369, 16905, 17263, 17369, 17885, 18823, 19728, 21090, 21331, 23471, 23982, 24495]",3.0,1.0,"[18, 90, 106, 138, 121]","[70, 129, 52, 43, 19]",True
7519118314,53,"[0, 250, 378, 653, 1061, 1371, 1809, 2009, 2504, 2909, 3633, 4609, 4871, 5506, 5910, 6332, 7103, 7803, 8659, 9407, 9838, 11044, 11523, 11715, 12567, 13391, 14057, 15242, 16241, 16513, 17260, 17937, 19153, 20266, 20814, 22035, 23492, 25071, 25541, 26629, 27026, 27767, 29865, 30883, 31887, 32686, 33804, 34519, 35770, 37838, 39400, 39684, 40167, 41523, 41987, 44143, 45124, 46455, 47692, 47797]",1.0,1.0,"[53, 51, 136, 20, 10]","[80, 112, 83, 23, 48]",False
7575788217,54,"[0, 170, 409, 569, 1121, 1492, 1839, 2323, 2856, 3439, 4006, 4597, 5086, 5669, 6239, 6862, 7608, 8181, 8657, 9282, 9772, 10765, 11359, 11868, 12815, 13221, 14308, 14946, 15580, 15888, 16505, 17320, 18543, 19377, 20451, 21427, 21527, 21982, 22873, 23273, 24016, 25722, 26638, 28047, 28765, 30103, 31071, 32005, 33001, 33687, 34362, 35064, 36368, 37849, 40101]",3.0,1.0,"[97, 120, 58, 80, 119]","[100, 54, 25, 129, 5]",True
7566717109,55,"[0, 331, 916, 1201, 1580, 2268, 2754, 3304, 3881, 4393, 4630, 5060, 6082, 6986, 7473, 8126, 8817, 9570, 10318, 10815, 11415, 12091, 12418, 12647, 13156, 14392, 14985, 15670, 16252, 16431, 16527, 18070, 19120, 19674, 20395, 21243, 22861, 23023, 24647, 25685, 26138, 26655, 27308, 28169, 29638, 30787, 31625, 33378, 34886, 35883]",3.0,3.0,"[82, 123, 55, 63, 112]","[101, 13, 1, 20, 102]",True
7535724706,56,"[169, 373, 623, 914, 1337, 1523, 1973, 2377, 2664, 3032, 3577, 4500, 4997, 5588, 5953, 6277, 7039, 7502, 8208, 8802, 9415, 10039, 10357, 10888, 11325, 12062, 12765, 13415, 14024, 14201, 14615, 15259, 15438, 16308, 16569, 17135, 17992, 18336, 18436, 18600, 19497, 20404, 21264, 21857, 22066, 22172, 22410, 24617, 26720, 27591, 28897, 30169, 30794, 31575, 32020, 32776, 34366, 34826, 35089, 35648, 35968]",3.0,1.0,"[70, 97, 110, 138, 86]","[105, 113, 98, 100, 56]",False
7570812500,57,"[0, 294, 623, 1036, 1373, 1672, 1879, 2425, 2826, 3174, 3662, 4171, 4380, 4740, 5005, 5194, 5616, 6266, 6746, 7499, 7731, 7955, 8217, 8529, 9128, 9544, 9917, 10294, 10873, 11337, 11557, 11903, 12373, 13701, 14404, 15832, 16241, 16727, 17412, 18244, 19386, 19985, 20417, 20729, 21391, 21997, 22951, 23297, 24463, 25155, 26440, 27919, 28151, 29255, 29757, 30776, 31196, 31702, 32092, 33564, 33885, 34523, 37044]",2.0,2.0,"[123, 17, 38, 10, 21]","[95, 57, 37, 98, 86]",True
7536677705,58,"[442, 652, 742, 832, 1074, 1288, 1607, 1852, 2099, 2508, 2680, 3104, 3518, 3721, 3990, 4349, 4834, 5495, 5686, 5893, 6306, 6493, 7074, 7321, 7721, 8454, 8804, 9082, 9585, 10043, 10324, 10656, 10818, 10972, 11230, 11440, 11599, 12488, 12652, 13460, 14265, 14501, 15224, 15432, 15532, 15810, 16394, 16874, 17486, 18656, 18860, 19140, 20050, 20758, 21547, 22113, 23206, 23681, 24134, 25816, 26027, 26762, 27698, 28248, 28952, 29058, 29692, 29976, 30732, 31755, 31966, 32078, 32443, 33017, 33130, 33677, 34390, 35254, 35613, 35802, 36264, 36462, 36608, 36721, 36833, 37172, 37999, 39037, 39589, 40080, 40536, 41216, 42474, 42828, 43441, 43823, 44435]",1.0,3.0,"[113, 22, 96, 65, 105]","[94, 106, 69, 58, 121]",False
7560629402,59,"[0, 244, 442, 603, 1122, 1467, 2021, 2444, 3023, 3512, 4077, 4961, 5465, 6213, 6779, 7349, 8658, 9094, 9944, 10114, 11312, 12395, 13520, 14560, 14836, 15990, 16630, 17215, 17908, 18543, 20473, 21386, 22364, 23038, 23138, 23788, 24839, 25628, 26220, 26972, 27948, 28812, 29952, 30969, 31794, 32630, 33598, 35096, 36072, 36851, 38947, 40165, 41230, 41336, 41442]",2.0,2.0,"[45, 25, 23, 123, 49]","[59, 106, 102, 105, 15]",False
7612171311,60,"[0, 214, 486, 770, 1100, 1390, 1915, 2306, 2867, 3333, 4193, 4675, 5327, 5782, 6123, 6735, 7414, 8013, 8499, 9780, 10526, 10860, 11136, 11538, 12248, 12597, 13008, 13300, 14358, 15003, 15775, 15984, 16386, 17083, 17749, 17849, 17995, 18592, 18969, 19069, 19169, 19876, 20791, 21571, 21671, 22135, 23099, 24544, 24992, 25098, 25777, 26199, 26813, 27745, 28047, 28315, 28758, 29782, 30138, 30509, 30971, 31440]",3.0,3.0,"[89, 45, 23, 9, 60]","[49, 13, 85, 73, 128]",False
7560377202,61,"[904, 1289, 1555, 2178, 2789, 3355, 3832, 4496, 5306, 5751, 7115, 7427, 8009, 9014, 9509, 9996, 10284, 10720, 11109, 11499, 12101, 12426, 13161, 14003, 14334, 15425, 16176, 16703, 17485, 18143, 18374, 19253, 19805, 20049, 20149, 20249, 22129, 23026, 23444, 23626, 23942, 24561, 25075, 25437, 25914, 26020, 26741, 26930, 27927, 28103, 28335]",3.0,3.0,"[10, 49, 121, 61, 128]","[70, 129, 20, 123, 35]",False
7611209103,62,"[0, 368, 630, 990, 1345, 1745, 1880, 2259, 2750, 3337, 3977, 4181, 4856, 5332, 5593, 5942, 6357, 6957, 7472, 8011, 8241, 8754, 9029, 9363, 9565, 9861, 10099, 10550, 10850, 11123, 11341, 11511, 11720, 12031, 12297, 13226, 15053, 15383, 18260, 18593, 18792, 19096, 19372, 19507, 19999, 20426, 21024, 21504, 21610, 22118, 22224, 22387, 22887, 23673, 24100, 25747, 26591]",2.0,2.0,"[44, 62, 28, 121, 85]","[109, 120, 101, 5, 129]",True
7611956203,63,"[0, 243, 495, 888, 1263, 1623, 1965, 2520, 2888, 3518, 3879, 4371, 4731, 4879, 5387, 5924, 6240, 6978, 7394, 8330, 9191, 10220, 10864, 11647, 12447, 12623, 13076, 14321, 15185, 16161, 16994, 18330, 18830, 19609, 21438, 22530, 23890, 24681, 26121, 26796, 28366, 30170, 31233, 32253, 33616, 34514, 36553, 38158, 39888, 41441, 42779, 43958, 45922, 46767, 47683, 48869, 50196, 51451, 51817, 52790, 53798, 54048, 54907, 56390, 58204, 59324, 60810, 61760, 62980, 63536, 64499, 65533, 67762]",3.0,1.0,"[28, 105, 20, 113, 120]","[72, 137, 63, 23, 121]",True
7566637019,64,"[154, 309, 486, 606, 993, 1183, 1396, 1639, 1833, 2166, 2991, 3156, 3246, 3494, 3589, 4256, 4511, 4651, 4840, 5731, 6011, 6945, 7247, 7979, 8517, 8924, 9198, 9292, 9508, 10097, 10349, 11000, 11272, 11793, 12237, 12592, 13655, 13960, 14609, 15489, 16104, 16306, 17078, 17637, 18040, 18529, 18919, 19063, 19666, 20406, 20821, 21144]",1.0,3.0,"[49, 95, 107, 123, 121]","[64, 82, 69, 126, 45]",False
7536677705,65,"[73, 203, 293, 531, 848, 958, 1369, 1836, 2249, 2546, 3061, 3800, 4340, 4903, 5217, 5815, 6110, 6448, 7197, 7645, 7740, 7835, 8368, 8736, 9199, 9293, 9388, 9844, 10458, 10554, 11022, 11335, 12469, 13262, 13773, 13985, 14085, 14185, 14626, 14909, 15207, 15873, 16444, 16959, 17494, 18442, 18891, 19068, 19314, 19714, 20566, 20983, 21518, 21624, 21730, 22129, 22589, 22927, 23716, 24136, 24377, 24573, 24969, 25626, 25850, 26079, 26191, 27263, 27851, 28891, 29446, 29868, 31037, 31594, 32645, 33015, 34324, 36020, 37081, 38424, 38671, 38888, 39422, 40204, 40913, 41990, 42854, 42974, 43283, 43518, 44090, 44993, 46577, 47103, 47546, 47831, 48273]",2.0,2.0,"[113, 22, 96, 65, 105]","[94, 106, 69, 58, 121]",True
7624424306,66,"[0, 130, 254, 392, 598, 688, 896, 1401, 1604, 1729, 2125, 2449, 2677, 2813, 3022, 3462, 3658, 3947, 4468, 4913, 5546, 5716, 6047, 6632, 7186, 7413, 7947, 8655, 9332, 10285, 11071, 11808, 12947, 13500, 13841, 14390, 14729, 15661, 16697, 16965, 17147, 18029, 18382, 18748, 19320, 19766, 20390, 20776, 20881, 22410]",1.0,1.0,"[66, 95, 19, 9, 28]","[65, 5, 15, 77, 18]",True
7548252414,67,"[0, 291, 700, 948, 1156, 1450, 1707, 2035, 2448, 2981, 3348, 3853, 4247, 4533, 4894, 5067, 5642, 6361, 6651, 7104, 8239, 8617, 9067, 9941, 10236, 11269, 11709, 12343, 13141, 14296, 15160, 15984, 16618, 17046, 17736, 18634, 19395, 20320, 21144, 22718, 23398, 24326, 25394, 25803, 26817, 27791, 28452, 29736, 30232, 31094, 32264, 34219, 34753, 35949, 36664, 37343, 39294, 39988, 40846, 42106, 44473, 45698, 46215, 47792, 47898, 48126, 48744, 49835, 50793, 51544, 52132, 53853, 53965, 55077, 55351, 55767, 56679, 58373, 59524, 60334, 60737, 61192, 62009, 63219, 63755, 64822, 66485, 68712]",1.0,1.0,"[67, 2, 22, 20, 40]","[8, 97, 43, 27, 121]",True
7526305209,68,"[0, 170, 260, 399, 489, 656, 934, 1215, 1350, 1530, 1649, 1895, 2114, 2312, 2407, 2823, 3194, 3294, 3477, 3849, 4262, 4357, 4616, 4970, 5246, 5819, 5950, 6454, 6806, 7037, 7349, 7865, 8739, 8839, 9134, 9324, 9424, 9572, 10056, 10156, 10713, 11073, 11173, 11381, 12203, 12510, 12733, 13190, 13344, 14441, 15138, 15725, 15831, 17211, 17727, 17833, 18331]",1.0,1.0,"[68, 96, 105, 89, 76]","[110, 41, 43, 26, 106]",True
7536677705,69,"[174, 420, 774, 1168, 1581, 1973, 2430, 3191, 3576, 3992, 4204, 4843, 5252, 5785, 6170, 6643, 7311, 7718, 8011, 8602, 9048, 9552, 10258, 10886, 11215, 11951, 13231, 13706, 14830, 15599, 16379, 16781, 17209, 17885, 18510, 18770, 18934, 20110, 20255, 21267, 21768, 22225, 22625, 23562, 23997, 24435, 25652, 26589, 27737, 28338, 28868, 29374, 29886, 30390, 30979, 32348, 32967, 33708, 34213, 35095, 36305, 37045, 37877, 38442, 38884, 39839, 40111, 41671, 42303, 42817, 43472, 43834, 44148, 44531, 45513, 46621, 46939, 47301, 47634, 47777, 48088, 48387, 49687, 49800, 50457, 51875, 52175, 52854, 53389, 53724, 54160, 54991, 56160, 56466, 56746, 56923, 57043]",1.0,3.0,"[113, 22, 96, 65, 105]","[94, 106, 69, 58, 121]",False
7632649002,70,"[0, 240, 515, 924, 1233, 1623, 2173, 2605, 2825, 3060, 3408, 3949, 4825, 5216, 5906, 6172, 7237, 8124, 8948, 9328, 10155, 10982, 11905, 12848, 13805, 14378, 15500, 16074, 17052, 18175, 18271, 19103, 20042, 20429, 20789, 21164, 21843, 22042, 22701, 23190, 24623, 26508, 27433, 28600, 30497, 32857, 35118, 36301, 37709, 39194, 40411, 41703, 43051, 44960, 46039, 47875, 49360, 49465, 50204, 51351, 51457, 52335, 53271, 54044]",3.0,1.0,"[110, 19, 137, 41, 121]","[13, 70, 129, 9, 79]",False
7568433407,71,"[60, 353, 667, 914, 1078, 1293, 1706, 2235, 2574, 2916, 3839, 4144, 4789, 5350, 5711, 6249, 7161, 7346, 7755, 8226, 8408, 8675, 9242, 9662, 10040, 10262, 10744, 11158, 11836, 12279, 12839, 13063, 13719, 13819, 14779, 16021, 16554, 17041, 18288, 18388, 19212, 19743, 19843, 20345, 20988, 21679, 22300, 22510, 23661, 24249, 25355, 25675, 26620, 27779, 28392, 29108, 29844, 31151, 32498, 33464, 33993, 34316]",2.0,2.0,"[121, 123, 2, 71, 114]","[63, 29, 65, 100, 79]",False
7611956203,72,"[0, 170, 260, 350, 526, 668, 758, 972, 1062, 1264, 1409, 1499, 2227, 2380, 2735, 2830, 2988, 3082, 3323, 4311, 4454, 4779, 5018, 5251, 5775, 6331, 7004, 7099, 7379, 7781, 7927, 8250, 8441, 8561, 9426, 9706, 10538, 10757, 10967, 11067, 11460, 12029, 12378, 12478, 12713, 13139, 13641, 14296, 15062, 15544, 15790, 15896, 16836, 17107, 17347, 17897, 18415, 18865, 19302, 19457, 20410, 21239, 21868, 22468, 23736, 24200, 24448, 25051, 25902, 26569, 26928, 27530, 30079]",3.0,1.0,"[28, 105, 20, 113, 120]","[72, 137, 63, 23, 121]",True
7612171311,73,"[0, 371, 827, 1139, 1599, 1897, 2376, 3278, 4156, 5108, 6095, 6405, 7474, 8500, 10294, 11321, 11996, 13212, 14522, 15027, 15431, 15999, 16586, 17933, 18976, 20043, 21651, 23306, 24498, 25904, 26925, 28733, 29487, 30090, 30417, 30880, 31462, 31802, 32546, 33233, 34110, 35521, 36641, 37585, 38935, 39231, 39559, 39665, 39897, 40705, 41770, 43310, 44257, 45202, 45592, 46641, 48193, 49684, 50050, 50843, 51229, 51516]",3.0,1.0,"[89, 45, 23, 9, 60]","[49, 13, 85, 73, 128]",True
7541933305,74,"[328, 593, 864, 1068, 1403, 1528, 1723, 1982, 2361, 2733, 3281, 3850, 4160, 4649, 5435, 6016, 6536, 7060, 8050, 8666, 9201, 10115, 10705, 10951, 11046, 11715, 12430, 12524, 13477, 13925, 14936, 16345, 16942, 17386, 18221, 18795, 19239, 19666, 19829, 20846, 21082, 21643, 22166, 22951, 23541, 24294, 26395, 27107, 27831, 28513, 29936, 30326, 31117, 32787, 33978, 35020, 35785, 37061]",2.0,2.0,"[10, 45, 23, 19, 47]","[12, 65, 74, 96, 20]",True
7557955707,75,"[0, 169, 259, 349, 488, 630, 742, 877, 967, 1057, 1250, 1714, 1983, 2340, 2497, 2591, 2910, 3095, 3390, 3547, 3818, 3989, 4198, 4292, 4437, 4532, 4627, 4883, 4979, 5287, 5383, 5663, 5763, 6720, 6820, 7336, 7436, 7536, 7834, 8553, 9185, 9395, 9495, 10180, 10488, 10588, 10694, 10800, 10971, 11194, 11300, 13288, 13555, 13972, 14078, 15233, 16263]",1.0,1.0,"[120, 41, 102, 75, 107]","[17, 97, 27, 26, 93]",False
7526305209,76,"[0, 242, 534, 831, 1175, 1494, 1711, 1919, 2339, 2846, 3215, 3711, 3853, 4507, 5004, 5540, 6317, 6499, 6891, 7235, 8157, 8536, 9253, 9529, 10153, 10473, 10568, 10863, 11543, 11952, 12328, 13082, 14339, 14772, 15452, 15729, 15998, 16405, 17001, 17545, 18052, 19091, 19684, 20554, 20787, 20887, 21691, 22730, 22836, 23966, 25567, 26752, 27442, 28080, 28330, 28436, 28722]",2.0,2.0,"[68, 96, 105, 89, 76]","[110, 41, 43, 26, 106]",True
7624424306,77,"[0, 298, 555, 935, 1151, 1482, 1956, 2325, 2780, 3090, 3583, 3941, 4707, 5205, 5578, 6197, 6892, 7388, 7890, 8747, 9829, 10881, 11696, 12260, 12536, 12882, 13609, 14195, 14503, 15064, 15342, 16025, 16125, 16487, 17006, 17150, 17689, 18674, 19103, 19473, 19672, 20155, 20733, 21376, 21476, 21746, 22623, 23326, 24009, 24566]",2.0,2.0,"[66, 95, 19, 9, 28]","[65, 5, 15, 77, 18]",False
7523787713,78,"[229, 566, 805, 1289, 1604, 1778, 2081, 2334, 2598, 2932, 3398, 3901, 4355, 4449, 4715, 5260, 5913, 6311, 6814, 7443, 7952, 8118, 8801, 9323, 9597, 10335, 10875, 11734, 12632, 13134, 13847, 14350, 14726, 15883, 16487, 17151, 17671, 17771, 20202, 21234, 22354, 23502, 24132, 24906, 25778, 26051, 26438, 27205, 27561, 28459, 30340, 31540, 32009, 32372, 33127]",3.0,3.0,"[41, 76, 78, 105, 110]","[128, 120, 10, 129, 51]",False
7632649002,79,"[0, 170, 260, 352, 538, 773, 1010, 1425, 1565, 1763, 1961, 2234, 2999, 3094, 3296, 3439, 3741, 4002, 4096, 4294, 5103, 5198, 5482, 5885, 6422, 6627, 6951, 7046, 7223, 7624, 8052, 8337, 8711, 8916, 9561, 9766, 10381, 10703, 11523, 11761, 12462, 13249, 13760, 14113, 14738, 15189, 16016, 16603, 17039, 17481, 17785, 18171, 18955, 19666, 19943, 20666, 21838, 22189, 23221, 24798, 25355, 26129, 26253, 27025]",3.0,1.0,"[110, 19, 137, 41, 121]","[13, 70, 129, 9, 79]",False
7519118314,80,"[0, 283, 519, 754, 1151, 1543, 1895, 2243, 2471, 2818, 3231, 3726, 4054, 4594, 5065, 5638, 6187, 6778, 7387, 8250, 8376, 8549, 9108, 10143, 10589, 11168, 11726, 12299, 13283, 15128, 15587, 16314, 16757, 16857, 16957, 17733, 17833, 18123, 18487, 19216, 20040, 20972, 22390, 24026, 25175, 25897, 26579, 28066, 28806, 29800, 30647, 31891, 33193, 35142, 36606, 37433, 37894, 39056, 40797, 41682]",2.0,2.0,"[53, 51, 136, 20, 10]","[80, 112, 83, 23, 48]",True
7569050306,81,"[0, 204, 425, 784, 914, 1125, 1574, 1830, 2269, 2645, 2894, 3144, 3519, 3986, 4343, 4933, 5302, 5493, 5960, 6537, 7099, 7266, 8651, 9200, 9659, 10628, 10929, 11253, 11638, 12107, 12509, 13258, 15112, 16134, 16553, 16982, 17775, 18204, 18619, 18959, 19118, 19262, 19362, 20527, 20763, 21260, 22235, 22684, 24361, 25145]",1.0,3.0,"[41, 87, 13, 97, 50]","[81, 102, 27, 113, 40]",True
7566637019,82,"[154, 309, 630, 1149, 1396, 1603, 1812, 2030, 2478, 2856, 3207, 3764, 4356, 4672, 5160, 5897, 6570, 6776, 7574, 8252, 9094, 9732, 10324, 11198, 12182, 12990, 13735, 14135, 14438, 15669, 16833, 18722, 18822, 19322, 20986, 22087, 23260, 23360, 24166, 25811, 26823, 27714, 28601, 30126, 31554, 32200, 33620, 34645, 35793, 36460, 37421, 37679]",3.0,1.0,"[49, 95, 107, 123, 121]","[64, 82, 69, 126, 45]",False
7541784709,83,"[0, 130, 220, 414, 544, 634, 807, 942, 1591, 1807, 2070, 2328, 2551, 2718, 3252, 3393, 3609, 3814, 4004, 4286, 4556, 4651, 4858, 5197, 5561, 6029, 6617, 7484, 7735, 7879, 8431, 8703, 8803, 9494, 9684, 10177, 10597, 10697, 10867, 10967, 11780, 12425, 12713, 12921, 13021, 13121, 13344, 13836, 14124, 14230, 14336, 14577, 15064, 15404, 15695, 15824, 16065, 16193, 16299, 16405, 16938, 17043, 17293, 17618]",1.0,1.0,"[137, 65, 83, 38, 21]","[96, 41, 15, 20, 87]",False
7548322301,84,"[0, 170, 260, 350, 489, 709, 799, 1080, 1260, 1462, 1687, 1905, 1995, 2188, 2299, 2394, 2993, 3133, 3273, 3493, 3588, 3714, 4119, 4289, 4459, 4906, 5223, 5478, 5649, 6328, 7051, 8169, 8819, 9104, 9369, 9544, 9719, 11367, 12360, 12616, 12886, 12986, 13132, 13978]",1.0,1.0,"[10, 98, 84, 21, 100]","[22, 58, 102, 5, 82]",True
7625796211,85,"[0, 249, 391, 564, 654, 993, 1083, 1173, 1263, 1414, 1603, 1738, 2091, 2583, 2822, 2945, 3320, 3561, 3736, 4039, 4225, 4320, 4621, 5187, 5282, 5496, 5620, 5715, 5880, 6130, 6416, 6666, 6766, 7648, 7960, 8094, 8194, 8528, 8756, 8886, 9085, 9667, 9891, 10353, 11287, 11387, 11493, 11974, 12177, 12282, 13159, 13432, 14305, 14846, 15062, 15168, 15626, 15877, 16056, 16162, 16303, 16530, 17188, 17438, 17876, 18823, 19271, 19691, 20189, 21687, 22636, 24007]",1.0,1.0,"[85, 44, 97, 9, 126]","[109, 35, 104, 86, 110]",False
7625796211,86,"[0, 89, 312, 402, 604, 783, 967, 1102, 1370, 1575, 2016, 2296, 2682, 3085, 3606, 3905, 4427, 4757, 4935, 5178, 5383, 5726, 6005, 6502, 6732, 7159, 7468, 7616, 7906, 8083, 8459, 8739, 9731, 10255, 10355, 10455, 10690, 11239, 11702, 11912, 12050, 12150, 12354, 12618, 12843, 12943, 13820, 14160, 14266, 14371, 14622, 14854, 15907, 16013, 16119, 16225, 16466, 16645, 17206, 17570, 17849, 18183, 19062, 20095, 20660, 21223, 22049, 22314, 23003, 23685, 23951, 24064]",1.0,3.0,"[85, 44, 97, 9, 126]","[109, 35, 104, 86, 110]",True
7541784709,87,"[0, 247, 371, 461, 691, 816, 1068, 1434, 1568, 1742, 2071, 2546, 2636, 2903, 3297, 3392, 3745, 4191, 4470, 5037, 5270, 5672, 5914, 6297, 6604, 6830, 7259, 8517, 9539, 9996, 10607, 10883, 10983, 11083, 11432, 11690, 12358, 12635, 12900, 13684, 14223, 14632, 15274, 15482, 15828, 16053, 16386, 16582, 17178, 17284, 17917, 18149, 18693, 19264, 19370, 19719, 20169, 20586, 21072, 21224, 21934, 22593, 22834, 23792]",1.0,3.0,"[137, 65, 83, 38, 21]","[96, 41, 15, 20, 87]",True
7547237916,88,"[577, 886, 1220, 1397, 1902, 2416, 2623, 3149, 3828, 4253, 4437, 4950, 5195, 5745, 5840, 6544, 6876, 7953, 8277, 8914, 9596, 10150, 10834, 11111, 11681, 12899, 13497, 14015, 14173, 14363, 15136, 16029, 16993, 17579, 18218, 19132, 19322, 19833, 20078, 20286, 20889, 20989, 21643, 23806]",2.0,2.0,"[120, 69, 100, 53, 109]","[43, 138, 91, 14, 88]",False
7612171311,89,"[0, 130, 331, 691, 984, 1261, 1609, 1974, 2389, 2863, 3531, 4156, 4734, 5458, 6141, 6921, 7871, 8813, 9820, 11128, 12106, 13043, 14089, 15155, 16488, 17350, 17748, 18688, 19427, 20372, 20549, 21993, 23350, 24971, 26457, 27463, 28550, 28902, 29931, 30197, 31429, 32778, 34659, 35604, 36188, 37560, 39666, 40357, 40892, 41292, 42427, 44065, 45556, 46580, 46949, 48452, 49564, 50351, 51274, 51555, 52797, 53665]",1.0,1.0,"[89, 45, 23, 9, 60]","[49, 13, 85, 73, 128]",False
7553654119,90,"[410, 738, 1073, 1460, 1828, 2350, 2942, 3416, 4021, 4318, 4949, 5523, 6341, 7435, 7873, 8286, 9052, 9750, 10886, 11319, 11821, 12272, 12790, 13593, 14622, 15966, 16494, 17221, 17592, 18360, 18752, 19647, 20379, 20974, 22020, 22503, 22911, 24434, 25447, 26544, 28536, 29520, 30802, 31892, 32981, 33426, 34567, 35580, 36398, 37626, 38556, 39569, 40726, 41526, 42902, 45110, 45735, 46895, 48620, 48981, 49687, 49793]",2.0,2.0,"[32, 83, 97, 45, 90]","[21, 51, 120, 23, 112]",False
7547237916,91,"[290, 442, 576, 1022, 1382, 1726, 1816, 2004, 2303, 2483, 2767, 3004, 3306, 3515, 3681, 4100, 4194, 4289, 4472, 5014, 5527, 5622, 5717, 6077, 6717, 7130, 7336, 7675, 7771, 8077, 8814, 9463, 10496, 10596, 10915, 11167, 11406, 11506, 11751, 12125, 12498, 12645, 12745, 12845]",3.0,1.0,"[120, 69, 100, 53, 109]","[43, 138, 91, 14, 88]",False
7606980009,92,"[0, 305, 593, 863, 1173, 1592, 1977, 2366, 2672, 3050, 3628, 4350, 5052, 5692, 6038, 6395, 7292, 7585, 8240, 9018, 9715, 10808, 11162, 11659, 12039, 12779, 13378, 13554, 13776, 14202, 14553, 15194, 16064, 16339, 17261, 18011, 18299, 18580, 19667, 20728, 21096, 23089, 23487, 23587, 24649, 24871, 25389, 26787, 27418, 27599, 28100, 28206, 28763]",1.0,3.0,"[67, 105, 20, 36, 53]","[100, 92, 43, 21, 19]",False
7557955707,93,"[65, 293, 614, 814, 1323, 1525, 1973, 2354, 2606, 2908, 3625, 3969, 4353, 5166, 5949, 6469, 7165, 7952, 8669, 9910, 10573, 11223, 11689, 12863, 13931, 14665, 15306, 16319, 17819, 18871, 19958, 20530, 21086, 21609, 21709, 22254, 23158, 23708, 24360, 24783, 25397, 26162, 26860, 27497, 27597, 27805, 28496, 28731, 29166, 29592, 30193, 30767, 30999, 31819, 32239, 32629, 33293]",3.0,1.0,"[120, 41, 102, 75, 107]","[17, 97, 27, 26, 93]",True
7536677705,94,"[174, 420, 627, 966, 1287, 1735, 2096, 2474, 3039, 3507, 4174, 4545, 5188, 5790, 6421, 7081, 7831, 8291, 8644, 9565, 10607, 11261, 12368, 12882, 14199, 15194, 16994, 17787, 19006, 19710, 20590, 21912, 22966, 23066, 23735, 24375, 25031, 26838, 27972, 28937, 29867, 31864, 32565, 33328, 34570, 36069, 37878, 39373, 40496, 41978, 43173, 44993, 45883, 46943, 47944, 49120, 50104, 51591, 52773, 53555, 54276, 55319, 57271, 58155, 59547, 60987, 62700, 64686, 64798, 65932, 67157, 68166, 68511, 69413, 71414, 72093, 73025, 74607, 76102, 77697, 79251, 80791, 82059, 83824, 85993, 87551, 88372, 89906, 91319, 92806, 94690, 96109, 98868, 99853, 100928, 102591, 104209]",3.0,1.0,"[113, 22, 96, 65, 105]","[94, 106, 69, 58, 121]",False
7570812500,95,"[0, 209, 561, 975, 1173, 1578, 1811, 2659, 3034, 3332, 3894, 4211, 4844, 5431, 5942, 6485, 7265, 7649, 8580, 9179, 10210, 10970, 11445, 12381, 12956, 13678, 14333, 16444, 18210, 18764, 19416, 20154, 20862, 22465, 23641, 25122, 26116, 26652, 27320, 28010, 29795, 31515, 33072, 33585, 34451, 36033, 37042, 38053, 38384, 39279, 40570, 42642, 42874, 43614, 44608, 46019, 47136, 48526, 48961, 51492, 52307, 53608, 55282]",3.0,1.0,"[123, 17, 38, 10, 21]","[95, 57, 37, 98, 86]",True
7536677705,96,"[73, 285, 566, 1009, 1431, 1796, 2130, 2385, 2763, 3014, 3475, 3950, 4410, 5409, 5962, 6676, 7092, 7729, 8045, 8659, 9189, 9715, 9953, 10138, 10676, 10770, 10994, 11420, 12069, 12165, 13202, 13868, 14983, 15434, 16216, 16738, 16838, 17045, 17235, 17470, 17768, 17978, 18704, 19348, 19991, 20520, 21370, 22017, 22263, 22368, 23035, 23596, 24115, 24221, 24327, 24559, 24665, 24820, 25476, 25896, 26137, 26333, 26771, 27157, 27263, 27464, 27576, 29461, 30185, 30451, 30806, 31288, 32715, 34192, 35656, 36220, 37503, 38436, 39178, 40138, 40385, 40617, 41434, 43022, 43314, 43787, 44128, 44372, 45679, 46300, 46907, 47854, 49936, 50056, 50499, 51140, 51645]",3.0,3.0,"[113, 22, 96, 65, 105]","[94, 106, 69, 58, 121]",True
7548252414,97,"[0, 216, 579, 938, 1354, 1928, 2276, 2569, 3113, 3619, 4346, 4686, 5284, 5962, 6471, 7163, 8063, 8295, 8912, 9323, 10288, 10832, 11445, 12011, 13251, 13529, 14376, 14636, 15777, 15873, 15969, 16362, 16462, 17204, 17691, 18205, 18416, 18816, 19592, 20255, 20355, 20794, 20894, 21608, 22190, 22463, 22884, 23320, 23738, 24694, 25310, 25879, 26190, 26408, 26766, 27441, 27616, 27722, 28685, 29118, 29223, 29329, 30393, 32164, 32550, 32656, 33360, 33782, 34185, 34451, 34716, 35533, 35807, 36128, 37244, 37807, 38690, 38974, 39257, 40028, 40311, 40604, 40896, 41179, 41517, 42631, 43077, 45141]",2.0,2.0,"[67, 2, 22, 20, 40]","[8, 97, 43, 27, 121]",False
7570812500,98,"[0, 258, 458, 820, 1093, 1420, 1802, 2013, 2229, 2546, 2935, 3202, 3292, 3630, 4341, 4604, 4858, 5510, 6615, 7175, 7704, 8421, 8825, 9239, 9529, 9808, 10078, 10602, 11203, 11656, 12131, 12273, 12488, 14180, 14997, 16307, 16733, 17794, 18815, 19210, 19778, 20909, 21230, 22396, 22804, 23841, 24247, 24940, 25246, 25797, 27419, 29323, 29555, 30675, 30995, 31491, 31597, 31851, 32263, 33724, 34077, 35227, 35975]",1.0,3.0,"[123, 17, 38, 10, 21]","[95, 57, 37, 98, 86]",True
7609292902,99,"[0, 258, 631, 917, 1264, 1516, 2122, 2449, 2868, 3644, 3797, 4172, 4724, 5420, 6209, 6810, 7524, 7812, 7922, 8426, 8884, 9172, 9695, 10345, 11019, 12046, 12823, 12922, 13567, 14229, 15244, 15728, 15828, 16583, 18183, 18373, 18473, 19016, 20123, 20243, 20417, 21016, 21256, 21391]",3.0,3.0,"[99, 19, 74, 42, 86]","[12, 120, 96, 105, 9]",False
7568433407,100,"[0, 169, 259, 435, 565, 703, 793, 883, 1060, 1430, 1520, 1610, 1700, 2002, 2143, 2328, 2602, 2697, 2883, 3041, 3136, 3566, 3749, 4453, 5313, 5902, 6543, 6847, 7169, 7265, 7603, 8100, 8951, 9051, 9560, 10091, 10313, 10614, 11277, 11486, 11866, 12463, 13297, 13798, 13898, 13998, 14319, 15244, 16151, 16369, 16674, 16826, 17168, 17274, 17707, 17813, 18171, 19380, 20277, 20518, 20624, 21177]",3.0,1.0,"[121, 123, 2, 71, 114]","[63, 29, 65, 100, 79]",True
7611209103,101,"[0, 526, 616, 745, 835, 1236, 1326, 1461, 1596, 1979, 2399, 2642, 2822, 3011, 3499, 3878, 4165, 4260, 4746, 5333, 5823, 5918, 6198, 6689, 7031, 7363, 8138, 8677, 9039, 9173, 9529, 9629, 9729, 10044, 10144, 10386, 10486, 10586, 11623, 11792, 12066, 12331, 12702, 12910, 13010, 13302, 13408, 13659, 13896, 14563, 14969, 15236, 15500, 15677, 15783, 16113, 16294]",1.0,3.0,"[44, 62, 28, 121, 85]","[109, 120, 101, 5, 129]",False
7557955707,102,"[0, 208, 519, 804, 1102, 1433, 1523, 1909, 2313, 2968, 3508, 4040, 4284, 4454, 5054, 5401, 6564, 7152, 7502, 7826, 8272, 8716, 9460, 10003, 10264, 10883, 11153, 11835, 12112, 12420, 13046, 14168, 14325, 15513, 16107, 18153, 18544, 19289, 20569, 22092, 23251, 23865, 24795, 25580, 25711, 26086, 26787, 26893, 27262, 27963, 28069, 28174, 28280, 29180, 29893, 31575, 31905]",3.0,3.0,"[120, 41, 102, 75, 107]","[17, 97, 27, 26, 93]",False
7614970519,103,"[0, 194, 284, 374, 504, 765, 900, 990, 1208, 1582, 1717, 1861, 1972, 2067, 2266, 2577, 3095, 3596, 3812, 4730, 5024, 5119, 5343, 5437, 5532, 5794, 6503, 6631, 6937, 8602, 8698, 8933, 9033, 9419, 9934, 10144, 10244, 10443, 10543, 11666, 11933, 12141, 12241, 12341, 12479, 12699, 13109]",2.0,2.0,"[41, 76, 28, 114, 110]","[95, 103, 13, 105, 96]",False
7625796211,104,"[0, 210, 389, 735, 987, 1279, 1992, 2466, 2748, 3240, 3523, 3965, 4440, 4909, 5476, 5807, 6205, 6500, 7261, 7356, 8176, 8499, 9280, 9690, 10766, 11437, 11793, 11950, 12342, 12780, 13156, 13436, 14510, 14871, 14971, 15071, 15438, 15741, 16594, 17002, 17102, 17319, 17562, 18009, 18172, 18272, 18824, 19292, 19561, 19724, 20175, 20407, 22367, 22473, 22779, 23222, 23463, 23709, 24481, 24791, 24992, 25217, 26337, 27494, 28041, 28789, 29722, 30276, 30973, 31346, 31939, 32345]",1.0,3.0,"[85, 44, 97, 9, 126]","[109, 35, 104, 86, 110]",True
7536677705,105,"[206, 336, 441, 531, 666, 756, 1174, 2005, 2193, 2705, 3606, 3732, 4070, 4450, 4838, 5289, 6066, 6211, 6417, 6733, 7489, 7584, 7812, 7997, 8284, 8878, 9045, 9717, 10057, 10153, 10721, 11131, 11618, 12079, 12379, 12479, 12856, 12956, 13146, 13566, 13864, 14475, 14575, 14785, 14908, 15332, 15438, 15571, 16431, 16536, 17001, 17276, 17693, 17799, 17905, 18137, 18318, 18471, 19601, 20021, 20382, 20921, 21097, 21483, 21621, 21727, 21839, 24760, 25490, 25756, 26111, 26631, 27654, 28314, 29556, 29814, 30439, 31106, 31564, 32543, 33179, 34121, 34607, 34890, 35737, 36210, 36329, 36449, 37829, 38401, 39102, 39691, 41169, 41289, 41787, 42373, 43086]",1.0,1.0,"[113, 22, 96, 65, 105]","[94, 106, 69, 58, 121]",True
7536677705,106,"[307, 703, 951, 1246, 1646, 2059, 2592, 2917, 3091, 3447, 3582, 3965, 4636, 4839, 5525, 5922, 6509, 6961, 7717, 8123, 8959, 9499, 10715, 11442, 12295, 13341, 14100, 15021, 16245, 17018, 17641, 18663, 19029, 19870, 20445, 20845, 21137, 22572, 24008, 24655, 25638, 25971, 26699, 27720, 28507, 28750, 28973, 29351, 30092, 30314, 30961, 31534, 32896, 33373, 33836, 34183, 35321, 36129, 37289, 38727, 38833, 39613, 41213, 42196, 42518, 42624, 43262, 44289, 44401, 44829, 45314, 45795, 45943, 46235, 47199, 48312, 48785, 49358, 49518, 50109, 50852, 50987, 51984, 52410, 53646, 54798, 55446, 56297, 56894, 57014, 57134, 57766, 58827, 59178, 59415, 59825, 59988]",2.0,2.0,"[113, 22, 96, 65, 105]","[94, 106, 69, 58, 121]",False
7557955707,107,"[0, 217, 359, 690, 780, 949, 1039, 1174, 1264, 1743, 2194, 2485, 2622, 3063, 3231, 3325, 3977, 4348, 4785, 4942, 5097, 5319, 5489, 5658, 5828, 6334, 6504, 6835, 7051, 7434, 8099, 8454, 8629, 9959, 10261, 12054, 12154, 12254, 12552, 13178, 13890, 14360, 14674, 15088, 15188, 15476, 15582, 15688, 15794, 16100, 16206, 17955, 19227, 19742, 19848, 21003, 21632]",2.0,2.0,"[120, 41, 102, 75, 107]","[17, 97, 27, 26, 93]",False
7556977117,108,"[1, 171, 370, 576, 976, 1264, 1700, 1838, 1980, 2107, 2332, 2871, 3158, 3576, 3935, 4330, 4890, 5781, 6105, 6485, 6678, 6942, 7204, 7709, 8015, 8203, 8298, 9171, 9348, 9663, 10365, 11358, 11940, 12494, 13065, 13362, 13766, 13965, 14466, 14733, 15423, 15523, 15623, 16069, 16269, 17135, 17706, 18987, 19733, 20496]",3.0,3.0,"[108, 21, 126, 26, 63]","[22, 20, 71, 70, 75]",False
7625796211,109,"[0, 138, 495, 912, 1201, 1483, 1928, 2499, 2885, 3488, 4117, 4553, 5170, 5806, 6316, 7004, 7464, 8120, 8891, 9618, 10694, 11034, 11438, 12600, 14013, 14768, 15832, 16813, 17832, 18550, 19682, 20508, 21450, 22109, 22770, 23736, 24184, 25196, 26016, 27125, 28068, 28535, 28754, 30440, 30930, 31333, 32543, 33217, 33973, 34461, 34812, 35044, 35185, 36094, 36386, 36811, 38032, 38716, 39922, 41285, 42221, 43384, 44524, 45330, 46312, 46879, 48036, 48692, 49419, 50208, 51038, 52828]",3.0,1.0,"[85, 44, 97, 9, 126]","[109, 35, 104, 86, 110]",True
7625796211,110,"[0, 89, 229, 367, 497, 587, 1041, 1224, 1367, 1482, 1738, 2198, 2727, 3084, 3277, 3781, 4144, 4486, 4856, 4951, 5311, 5704, 6153, 7010, 7469, 8073, 8540, 8750, 9120, 9372, 9820, 10100, 10601, 10995, 11288, 11388, 11623, 12159, 12951, 13328, 13428, 13676, 13776, 13984, 14468, 14823, 15331, 16363, 16580, 16723, 17567, 17799, 17905, 18011, 18117, 18223, 18464, 18895, 19250, 19455, 19759, 20069, 21113, 21669, 22358, 22917, 23560, 23825, 24287, 24958, 25299, 25780]",3.0,1.0,"[85, 44, 97, 9, 126]","[109, 35, 104, 86, 110]",True
7583012200,111,"[0, 229, 349, 439, 529, 619, 917, 1007, 1187, 1367, 1568, 1851, 2090, 2239, 2646, 2831, 3334, 3564, 3734, 3967, 4127, 4222, 4527, 4693, 4898, 5083, 5178, 5272, 5530, 5716, 5812, 5912, 6012, 6437, 6690, 6938, 7265, 7904, 8004, 8104, 8204, 8304, 8739, 9074, 9630, 9881, 10270, 10705, 11104, 11327, 11854, 12581, 13484, 13903, 14264, 14370, 15118]",3.0,1.0,"[89, 106, 137, 112, 105]","[111, 73, 50, 19, 46]",True
7553654119,112,"[387, 714, 804, 1005, 1180, 1305, 1444, 1582, 1845, 1956, 2400, 2572, 2817, 3291, 3482, 3850, 4374, 4484, 4890, 5487, 6227, 6390, 6996, 7252, 7530, 8895, 9363, 9825, 10419, 10724, 11801, 12441, 12943, 13043, 13906, 14190, 14290, 14390, 15163, 15724, 15824, 15924, 17529, 17953, 18366, 18466, 19682, 20040, 20799, 21316, 21774, 21880, 22340, 22505, 22610, 22716, 22822, 23029, 23439, 23796, 25338, 26554]",1.0,3.0,"[32, 83, 97, 45, 90]","[21, 51, 120, 23, 112]",True
7536677705,113,"[73, 237, 645, 817, 1189, 1548, 1960, 2368, 2672, 3075, 3953, 4442, 4900, 5522, 6135, 6948, 7696, 8310, 8911, 10263, 11091, 11588, 12789, 13848, 15032, 15828, 17063, 17850, 18711, 18807, 20328, 21733, 22623, 23909, 25376, 26596, 27256, 28039, 28920, 29549, 30862, 31923, 33318, 34477, 35698, 37388, 38951, 39892, 42717, 44355, 45947, 46752, 47856, 49221, 50306, 52085, 53050, 54675, 55846, 56811, 58606, 60615, 61229, 62654, 63502, 63716, 64113, 66099, 67430, 68852, 70154, 71607, 74029, 75135, 77577, 78042, 78735, 80031, 80742, 82018, 82531, 83595, 85008, 86511, 87253, 87876, 88492, 89065, 89852, 90538, 91156, 92621, 95051, 95796, 97174, 97844, 99147]",1.0,1.0,"[113, 22, 96, 65, 105]","[94, 106, 69, 58, 121]",True
7568433407,114,"[62, 303, 502, 703, 912, 1283, 1578, 2057, 2457, 2835, 3689, 4158, 4573, 4810, 5385, 5840, 6416, 6910, 7570, 8383, 8996, 9469, 9699, 10034, 10646, 11588, 12775, 13251, 14319, 14842, 15549, 16271, 17454, 17554, 19054, 20073, 20847, 21082, 22888, 23664, 24498, 24734, 24834, 25521, 26361, 27182, 27784, 28515, 28738, 29719, 31011, 31973, 32538, 33033, 33683, 34888, 35798, 37120, 37226, 38541, 38988, 39094]",1.0,1.0,"[121, 123, 2, 71, 114]","[63, 29, 65, 100, 79]",False
7575788217,119,"[0, 170, 595, 700, 961, 1098, 1330, 1465, 1606, 1933, 2255, 2860, 2950, 3283, 3468, 3563, 4128, 4418, 4637, 5024, 5695, 5976, 6385, 6692, 7021, 7309, 8007, 8716, 9250, 9581, 9797, 9968, 10303, 10653, 10879, 10979, 11357, 11793, 12254, 12460, 12897, 13081, 13961, 14278, 14691, 15274, 15631, 15737, 16003, 16109, 16327, 17068, 17624, 17956, 18260]",3.0,3.0,"[97, 120, 58, 80, 119]","[100, 54, 25, 129, 5]",False
7611956203,120,"[0, 238, 588, 965, 1328, 1703, 2419, 2985, 3549, 3962, 4523, 5038, 5309, 5919, 6383, 6869, 7130, 7960, 8705, 8925, 9823, 10513, 11250, 11720, 12043, 12435, 12897, 12992, 13450, 13760, 14187, 15106, 15588, 16048, 16148, 16889, 17425, 17933, 18347, 18695, 19207, 19490, 19590, 20236, 21001, 21252, 22339, 23518, 23780, 24553, 25158, 25738, 26618, 26941, 27424, 28095, 28414, 30038, 30638, 30952, 31779, 31885, 33091, 33989, 34579, 35706, 36570, 37203, 37701, 38418, 39598, 40332, 40844]",2.0,2.0,"[28, 105, 20, 113, 120]","[72, 137, 63, 23, 121]",False
7536677705,121,"[307, 517, 607, 745, 870, 1125, 1287, 1754, 2059, 2219, 2393, 2800, 2980, 3183, 3377, 3500, 3681, 4313, 4407, 4647, 4829, 4924, 5937, 6032, 6171, 6409, 7004, 7234, 7876, 8252, 8474, 8844, 8944, 9044, 9378, 9527, 10264, 11153, 11253, 11691, 11997, 12299, 12399, 12607, 12757, 12904, 13127, 13533, 14376, 14923, 15029, 15298, 15530, 15772, 16004, 16356, 16683, 16789, 17543, 18161, 18267, 18548, 19121, 19334, 19584, 19690, 19802, 21512, 21993, 22316, 22651, 22877, 23082, 23377, 24106, 24219, 24787, 25055, 25437, 25550, 26080, 26217, 26384, 26564, 27383, 28234, 29391, 30375, 30730, 30902, 31069, 31684, 32730, 32933, 33918, 34142, 34262]",3.0,1.0,"[113, 22, 96, 65, 105]","[94, 106, 69, 58, 121]",False
7570812500,123,"[0, 317, 407, 595, 798, 1019, 1352, 1536, 1626, 1716, 1851, 2253, 3065, 3550, 4066, 4450, 4890, 5316, 5720, 6282, 7246, 8070, 8684, 9156, 9747, 10677, 11502, 11813, 12372, 13056, 13914, 14548, 15568, 15877, 16600, 16700, 17079, 17844, 18062, 18894, 19877, 20067, 20855, 21629, 22396, 23078, 23301, 24403, 24990, 25338, 25997, 26103, 26344, 27521, 27627, 28408, 29411, 30081, 30948, 31825, 32055, 33312, 33703]",3.0,3.0,"[123, 17, 38, 10, 21]","[95, 57, 37, 98, 86]",False
7625796211,126,"[0, 249, 454, 629, 854, 1140, 1386, 1607, 1901, 2250, 2800, 3331, 3896, 4298, 4615, 5165, 5800, 6076, 6711, 7160, 7573, 8486, 9023, 9818, 10261, 10394, 10992, 11087, 11576, 12437, 12850, 13899, 14583, 15858, 16439, 16856, 17953, 18556, 19117, 19940, 20552, 22361, 23505, 24574, 26039, 26618, 26724, 27267, 27657, 28152, 29484, 30767, 32174, 33373, 34433, 35153, 36271, 36943, 38113, 38952, 39255, 40009, 41036, 42472, 42841, 43957, 44752, 46086, 47468, 49383, 51073, 52603]",2.0,2.0,"[85, 44, 97, 9, 126]","[109, 35, 104, 86, 110]",False
7612171311,128,"[0, 214, 402, 545, 750, 895, 1034, 1124, 1509, 2057, 2391, 2578, 2855, 3103, 3627, 3933, 4091, 4452, 4875, 4970, 5307, 5401, 5788, 6337, 6951, 7481, 8348, 8657, 9092, 9949, 10338, 10702, 10996, 11128, 11323, 11520, 11703, 11803, 12025, 12461, 12886, 13400, 13623, 13844, 14233, 14447, 15122, 15524, 15915, 16021, 16262, 16674, 17279, 18087, 18193, 18419, 18831, 19509, 19884, 20649, 21035, 21141]",1.0,3.0,"[89, 45, 23, 9, 60]","[49, 13, 85, 73, 128]",True
7632649002,129,"[0, 207, 592, 943, 1275, 1787, 2078, 2336, 2795, 3297, 3721, 4268, 4923, 5155, 5655, 5750, 6073, 7066, 7316, 7840, 8503, 8976, 9907, 10437, 10986, 11414, 11622, 11869, 12775, 13684, 13879, 14945, 15718, 16023, 16669, 17494, 18092, 18670, 19908, 20399, 21312, 22484, 23088, 23653, 24677, 26376, 27896, 28966, 29887, 30961, 32081, 33166, 34626, 36045, 36395, 36624, 39058, 39640, 41243, 42776, 42882, 43562, 43691, 45161]",1.0,3.0,"[110, 19, 137, 41, 121]","[13, 70, 129, 9, 79]",False
7525812113,135,"[62, 343, 699, 898, 1185, 1517, 1855, 2670, 3117, 3455, 3688, 4544, 5009, 5769, 6426, 6952, 7767, 8314, 9004, 9503, 10645, 11181, 11398, 12066, 13143, 13911, 14397, 15733, 15978, 16534, 17226, 17900, 18399, 19148, 19676, 20116, 20638, 21000, 21767, 22286, 23092, 23486, 23950, 25113, 26006, 26493, 27599, 28548, 29606, 30882]",1.0,3.0,"[35, 69, 26, 83, 22]","[6, 136, 135, 90, 20]",True
7519118314,136,"[0, 230, 320, 410, 592, 859, 1012, 1102, 1603, 1783, 2109, 2537, 2786, 3051, 3146, 3240, 3791, 4138, 4634, 4791, 5175, 5531, 5698, 5792, 6069, 6436, 6603, 6845, 7223, 7992, 8410, 8731, 9157, 9585, 9711, 10729, 11056, 12293, 12851, 13453, 14049, 15212, 15621, 15721, 16203, 17172, 17695, 17956, 18062, 18717, 18931, 19530, 19636, 19921, 20027, 20449, 20820, 20926, 21652, 22235]",3.0,3.0,"[53, 51, 136, 20, 10]","[80, 112, 83, 23, 48]",False
7611956203,137,"[0, 323, 584, 912, 1203, 1529, 1799, 1979, 2157, 2359, 3060, 3515, 4506, 4884, 5862, 6108, 6891, 7346, 7963, 9480, 10198, 10971, 11720, 11905, 12650, 12983, 13835, 14381, 14891, 16430, 17015, 17355, 17645, 18562, 19830, 20509, 21684, 22245, 22968, 23068, 23662, 24541, 25450, 25682, 25917, 26236, 26644, 27626, 28263, 28881, 30094, 30521, 31211, 31723, 32091, 33024, 33443, 33922, 34426, 35068, 36682, 37341, 38284, 39414, 40567, 40831, 41079, 41446, 42342, 42984, 43880, 44923, 46726]",2.0,2.0,"[28, 105, 20, 113, 120]","[72, 137, 63, 23, 121]",True
7535724706,138,"[169, 302, 392, 575, 768, 1111, 1436, 1657, 1747, 1972, 2126, 2306, 2510, 2687, 3008, 3525, 4134, 4507, 4745, 4839, 5112, 5680, 5987, 6082, 6819, 7317, 7611, 8455, 8761, 9497, 10070, 10561, 10862, 10962, 11900, 13064, 13234, 13919, 14273, 15152, 15915, 16293, 16702, 17685, 19341, 20172, 20394, 22644, 23264, 23604, 23710, 24529, 24664, 25019, 25125, 25301, 26317, 27758, 28163, 28466, 29739]",3.0,3.0,"[70, 97, 110, 138, 86]","[105, 113, 98, 100, 56]",True
