,pos1_diff,pos2_diff,pos3_diff,pos4_diff,pos5_diff,team_diff,winner,rad_pos1_predicted_last_gold,dire_pos1_predicted_last_gold,rad_pos2_predicted_last_gold,dire_pos2_predicted_last_gold,rad_pos3_predicted_last_gold,dire_pos3_predicted_last_gold,rad_pos4_predicted_last_gold,dire_pos4_predicted_last_gold,rad_pos5_predicted_last_gold,dire_pos5_predicted_last_gold
0,-4505,-1260,411,-2717,-2223,-10294,radiant,15104.0,19578.0,19063.0,20099.0,16022.0,15602.0,6947.0,9467.0,6602.0,8814.0
1,-1903,-3073,-285,-1437,-1946,-8644,dire,18155.0,19716.0,14831.0,16455.0,13401.0,12879.0,9209.0,10539.0,7618.0,9064.0
2,1846,-979,-38,-3350,1865,-656,radiant,21487.0,19501.0,15477.0,16902.0,13551.0,13566.0,8349.0,11373.0,7553.0,5995.0
3,1424,571,-913,-4331,-323,-3572,radiant,18650.0,17884.0,15327.0,15141.0,12574.0,14008.0,8465.0,13509.0,7906.0,8110.0
4,5345,5182,-1522,-1501,-1011,6493,radiant,21277.0,17416.0,20735.0,16615.0,12558.0,15085.0,8244.0,10592.0,6204.0,7643.0
5,1088,-1153,-3989,-1416,-1178,-6648,dire,16878.0,15674.0,14257.0,13840.0,11428.0,15101.0,7535.0,9804.0,7174.0,8133.0
6,3178,1512,-1013,-2292,990,2375,radiant,21747.0,18903.0,19153.0,17622.0,14095.0,14993.0,9065.0,11301.0,7580.0,6340.0
7,5939,-1321,372,2579,2225,9794,radiant,22063.0,16469.0,15542.0,16496.0,11578.0,11856.0,10255.0,8910.0,10167.0,8060.0
8,4111,1240,-465,2087,-1309,5664,radiant,19226.0,15095.0,16818.0,14225.0,13532.0,13800.0,12641.0,10023.0,8011.0,9300.0
9,-2701,2796,43,-1960,-1366,-3188,dire,17921.0,20372.0,16156.0,13469.0,13328.0,13212.0,8392.0,10318.0,8533.0,9184.0
10,-2015,-2543,-801,-1298,-1926,-8583,radiant,16157.0,17215.0,13068.0,16064.0,11493.0,11962.0,8075.0,9353.0,5681.0,7416.0
11,-1604,4032,2945,1547,2462,9382,radiant,19692.0,21676.0,18804.0,15574.0,15574.0,12948.0,11288.0,9580.0,9332.0,6944.0
12,1453,2225,-1065,1159,1743,5515,dire,17572.0,16071.0,16400.0,14420.0,12158.0,13326.0,9096.0,8129.0,7791.0,5998.0
13,-4109,-3769,-1395,-6419,-1438,-17130,dire,15437.0,19078.0,15134.0,18327.0,13425.0,16214.0,8696.0,15636.0,7739.0,9129.0
14,-5339,-627,-1886,629,-282,-7505,dire,15890.0,21177.0,14124.0,14534.0,13414.0,14917.0,10085.0,9620.0,8976.0,9299.0
15,-3105,-5491,56,-153,-128,-8821,dire,16649.0,18448.0,13977.0,19420.0,15317.0,14728.0,10207.0,9750.0,8263.0,7845.0
16,-6516,-4130,-1790,-1319,-150,-13905,dire,16104.0,21800.0,12926.0,17059.0,11617.0,12958.0,7752.0,9011.0,7510.0,7418.0
17,-1176,-3624,-3892,-1266,749,-9209,radiant,16178.0,17376.0,12922.0,17045.0,11703.0,17036.0,8479.0,10308.0,8801.0,7955.0
18,-5410,-5407,-5294,-2435,-1595,-20141,dire,16082.0,21470.0,14223.0,19756.0,11563.0,16685.0,7997.0,10984.0,7470.0,9236.0
19,-3120,2109,-1358,1355,1452,438,dire,15186.0,18033.0,16263.0,13408.0,13287.0,14672.0,8952.0,7633.0,7704.0,6752.0
20,456,-2264,1916,2742,-278,2572,radiant,18733.0,17786.0,17689.0,19018.0,15375.0,12485.0,10004.0,7180.0,7626.0,7706.0
21,3648,-1704,-2157,3203,1133,4123,radiant,19573.0,16038.0,13835.0,15695.0,11022.0,13185.0,12664.0,9399.0,8591.0,7454.0
22,-3380,-5263,-3869,333,-532,-12711,dire,17006.0,19226.0,10032.0,15422.0,9613.0,13661.0,8564.0,8714.0,8386.0,8830.0
23,4472,4105,6324,-205,-283,14413,radiant,19102.0,14602.0,18006.0,14208.0,16193.0,10381.0,8979.0,9344.0,8342.0,8702.0
24,2751,-574,-2519,-219,483,-78,dire,19459.0,17115.0,15491.0,16498.0,12647.0,15607.0,9527.0,9962.0,8893.0,8526.0
25,411,-2525,-1192,-894,-1730,-5930,radiant,19659.0,18896.0,15399.0,18154.0,10745.0,11771.0,8063.0,8976.0,7301.0,9463.0
26,-3066,-396,-4333,-1490,-1353,-10638,dire,17268.0,21591.0,14480.0,15277.0,9798.0,14386.0,7632.0,9459.0,6940.0,8629.0
27,3417,-1315,-1374,778,-602,904,radiant,20977.0,18449.0,13249.0,15171.0,11533.0,13315.0,9919.0,9148.0,7814.0,8544.0
28,-5965,-2329,-809,-3085,1224,-10964,dire,13166.0,18685.0,15666.0,17705.0,12733.0,14042.0,8357.0,11830.0,12246.0,10531.0
29,-3375,-2238,184,1596,-2820,-6653,dire,15964.0,20257.0,15799.0,17527.0,13776.0,14495.0,11910.0,11311.0,8380.0,11446.0
30,-1371,-4393,-3238,278,4922,-3802,radiant,18256.0,18602.0,15562.0,18854.0,10941.0,13309.0,9124.0,7999.0,11057.0,6212.0
31,-4865,-2165,-741,2146,-1076,-6701,dire,14645.0,20569.0,14177.0,16576.0,13223.0,14413.0,11192.0,9401.0,7695.0,8727.0
32,-3655,-3477,-2369,-2917,-1586,-14004,dire,14137.0,17767.0,13126.0,16456.0,14170.0,16515.0,6794.0,9586.0,5358.0,7204.0
33,-41,-4107,-4727,-2798,-2939,-14612,dire,19294.0,20205.0,14147.0,18743.0,12712.0,17252.0,7268.0,10541.0,6921.0,10093.0
34,8343,4271,930,3179,1834,18557,radiant,21277.0,14826.0,17120.0,13529.0,13547.0,13309.0,12239.0,9311.0,9205.0,7937.0
35,-5101,-2071,-1360,-3818,-4475,-16825,dire,17541.0,22093.0,16289.0,19541.0,13947.0,16236.0,8518.0,12751.0,5917.0,10720.0
36,1793,-639,-3198,-1938,-1615,-5597,dire,17084.0,15324.0,14175.0,15131.0,8884.0,12123.0,7474.0,9369.0,6149.0,7693.0
37,6461,-2542,-2340,419,-1576,422,radiant,20758.0,13994.0,13357.0,15719.0,11953.0,14608.0,8716.0,8490.0,7175.0,8728.0
38,7182,5971,3339,5009,4365,25866,radiant,21938.0,14978.0,17367.0,12673.0,15197.0,12814.0,10922.0,6737.0,9526.0,6210.0
39,8201,3052,1549,1745,1190,15737,radiant,24703.0,16931.0,15339.0,12758.0,13784.0,12423.0,8891.0,8029.0,8411.0,7321.0
40,-1984,1746,3661,-541,-1560,1322,radiant,18691.0,20875.0,15908.0,15580.0,15711.0,12342.0,8668.0,9693.0,8498.0,10309.0
41,456,797,-1994,-482,-1641,-2864,dire,17920.0,16466.0,17684.0,16708.0,15323.0,15508.0,11751.0,12116.0,7214.0,8296.0
42,4098,1886,1817,-10,1428,9219,radiant,20694.0,17920.0,16574.0,15414.0,15186.0,13889.0,8386.0,8891.0,8191.0,6766.0
43,-5349,-6200,-4957,-6907,-6428,-29841,dire,12936.0,18969.0,12470.0,18873.0,11401.0,16033.0,9261.0,16486.0,5956.0,11804.0
44,-1122,-2333,982,-4184,-1573,-8230,dire,16535.0,17991.0,14832.0,17215.0,15541.0,14362.0,8970.0,13224.0,8629.0,10168.0
45,-3841,1977,-2077,3709,-712,-944,dire,15135.0,18843.0,16005.0,13335.0,12091.0,14591.0,12522.0,9207.0,9448.0,10314.0
46,467,-885,-664,-3139,347,-3874,dire,21539.0,21121.0,15626.0,15521.0,15033.0,15003.0,10173.0,11897.0,8805.0,7914.0
47,-3579,1619,1316,2935,1279,3570,radiant,14587.0,18788.0,16741.0,14655.0,14636.0,13347.0,10546.0,7492.0,8623.0,7278.0
48,-630,-497,1619,-1035,-2507,-3050,dire,19231.0,20210.0,17501.0,17830.0,16444.0,14565.0,8834.0,9874.0,7441.0,9831.0
49,2083,4221,-188,-195,-926,4995,dire,18836.0,17233.0,15538.0,11464.0,12882.0,13431.0,9393.0,9185.0,6444.0,7772.0
50,-2085,-380,-1142,-4536,-5647,-13790,dire,14952.0,16664.0,16533.0,16472.0,12262.0,13211.0,7633.0,11831.0,6239.0,11123.0
51,-1764,-1456,-2891,743,-412,-5780,dire,15175.0,17334.0,14994.0,16655.0,12656.0,15979.0,9664.0,9004.0,8225.0,8952.0
52,-4621,-3289,-4440,35,-433,-12748,dire,16963.0,21445.0,14097.0,18065.0,11693.0,16423.0,9840.0,9827.0,8553.0,9249.0
53,-464,-1722,-831,-949,708,-3258,radiant,18286.0,18252.0,15441.0,17082.0,15284.0,15785.0,7533.0,8438.0,7413.0,6816.0
54,11230,3352,438,3658,2711,21389,radiant,26896.0,15910.0,18725.0,16208.0,14083.0,13565.0,11766.0,8262.0,10319.0,7481.0
55,-6325,-520,1078,-901,-2238,-8906,dire,13560.0,21126.0,14947.0,15598.0,13831.0,13040.0,8399.0,8902.0,5387.0,7236.0
56,1963,-11,-263,596,1749,4034,radiant,19856.0,18834.0,15783.0,16792.0,15761.0,16241.0,9965.0,9543.0,8350.0,7196.0
57,11809,1082,1645,4704,1952,21192,radiant,24562.0,13235.0,13791.0,13235.0,13627.0,12221.0,12234.0,8102.0,9608.0,7921.0
58,8589,9498,6109,5088,5242,34526,radiant,21183.0,13998.0,20037.0,11577.0,14722.0,10057.0,11879.0,7168.0,9888.0,5500.0
59,-1913,-950,470,-805,-2208,-5406,dire,18101.0,19769.0,11968.0,12986.0,12961.0,12659.0,7334.0,8239.0,6939.0,9720.0
60,-6779,-3007,483,-5086,-3211,-17600,dire,16269.0,20911.0,13578.0,15880.0,13751.0,12368.0,7679.0,12070.0,7183.0,9642.0
61,-11026,-5750,-499,1538,-289,-16026,dire,13234.0,24546.0,13960.0,19573.0,13991.0,14473.0,12077.0,10643.0,8049.0,8223.0
62,-3741,-3525,-3735,-10,-1421,-12432,dire,17523.0,22285.0,13981.0,18991.0,11637.0,15739.0,12978.0,13153.0,7020.0,9148.0
63,936,2298,1052,-2552,251,1985,dire,18491.0,17372.0,17885.0,15529.0,15691.0,14532.0,10551.0,13152.0,7340.0,7083.0
64,713,-1483,-1920,-2406,-4147,-9243,dire,18234.0,17763.0,14229.0,16342.0,12891.0,14757.0,10998.0,13244.0,9558.0,14051.0
65,2836,-891,-2366,-2221,1622,-1020,dire,17706.0,15133.0,14757.0,15868.0,10677.0,13854.0,8698.0,10597.0,8714.0,7341.0
66,542,1650,-2403,-760,-1187,-2158,dire,18093.0,17101.0,16331.0,14178.0,11859.0,13484.0,8356.0,8536.0,7975.0,8548.0
67,2785,1690,4358,5857,711,15401,radiant,22109.0,19895.0,19104.0,17530.0,18990.0,14756.0,13934.0,7989.0,11588.0,10824.0
68,4602,1073,2236,-533,1372,8750,radiant,24331.0,20017.0,16853.0,15602.0,16628.0,14679.0,8296.0,8609.0,8204.0,6815.0
69,8088,5440,1671,-877,769,15091,radiant,21089.0,13712.0,16200.0,11031.0,13130.0,11570.0,9598.0,10820.0,7659.0,6844.0
70,-728,1566,6003,3415,2884,13140,radiant,17455.0,18612.0,18240.0,16156.0,15828.0,9998.0,10078.0,7680.0,9820.0,6814.0
71,234,700,260,1879,-11,3062,radiant,21456.0,21568.0,15285.0,15127.0,13160.0,13473.0,11245.0,9503.0,8086.0,8490.0
72,-7813,-8018,-4704,-4812,-4745,-30092,dire,11926.0,19189.0,11018.0,18070.0,10730.0,15159.0,7768.0,12096.0,6297.0,10441.0
73,2614,-2516,1165,1312,1786,4361,radiant,18867.0,16418.0,14225.0,16781.0,12950.0,12046.0,10526.0,9272.0,10165.0,8527.0
74,-6939,-1576,-732,685,-382,-8944,dire,18259.0,24736.0,16796.0,17235.0,16585.0,15697.0,8932.0,8117.0,6187.0,6479.0
75,-105,-765,-4960,4454,1398,22,dire,23131.0,22268.0,16943.0,16977.0,10439.0,14538.0,13038.0,8292.0,8114.0,6443.0
76,-5226,-4412,-67,1888,1033,-6784,dire,18764.0,23518.0,13322.0,17927.0,13160.0,13282.0,8574.0,6587.0,7565.0,6249.0
77,-2152,936,-3755,470,-611,-5112,radiant,15625.0,17576.0,17095.0,16651.0,11870.0,15588.0,7563.0,7357.0,7346.0,7890.0
78,-34,-2550,-1303,-2877,-1975,-8739,dire,15700.0,15873.0,12883.0,15424.0,13335.0,14708.0,7375.0,10566.0,7060.0,9059.0
79,-9528,-2574,-5418,-7576,-5238,-30334,dire,15094.0,22087.0,13392.0,15471.0,9237.0,13511.0,5481.0,12089.0,5253.0,9474.0
80,5182,4117,2684,2561,2944,17488,radiant,25137.0,20888.0,16990.0,13348.0,14548.0,12404.0,9940.0,8351.0,10393.0,8026.0
81,-2841,1512,1929,-1980,784,-596,radiant,13933.0,16137.0,15340.0,13808.0,14844.0,12788.0,9576.0,10950.0,9285.0,8625.0
82,4119,-2224,748,-1850,-2761,-1968,radiant,19155.0,16575.0,15374.0,18125.0,14352.0,14730.0,7524.0,9739.0,6993.0,10093.0
83,-5277,-4418,-2537,-4692,-3024,-19948,dire,13617.0,18709.0,12034.0,16311.0,12311.0,14093.0,6625.0,10966.0,5757.0,8335.0
84,-872,640,-2129,-1896,-394,-4651,dire,17789.0,18677.0,13636.0,13236.0,11490.0,13057.0,6836.0,8662.0,6328.0,6963.0
85,-2269,-190,76,-6690,340,-8733,radiant,14823.0,16483.0,15978.0,14915.0,13778.0,14296.0,7086.0,13222.0,9158.0,8517.0
86,1551,-1391,-181,-1312,1461,128,radiant,22785.0,20046.0,13237.0,13888.0,13903.0,13374.0,8156.0,9262.0,8475.0,6845.0
87,5697,-5526,-2066,281,-2565,-4179,dire,25661.0,20197.0,12927.0,18015.0,13182.0,15447.0,9736.0,9109.0,7656.0,10101.0
88,-661,-1773,2392,-5805,-2746,-8593,radiant,15494.0,16421.0,16846.0,18880.0,15457.0,13412.0,8286.0,13752.0,7447.0,10311.0
89,2949,84,-17,674,3915,7605,radiant,21013.0,18405.0,14517.0,14538.0,15284.0,14970.0,9898.0,9277.0,10339.0,6379.0
90,2849,735,5736,2841,4842,17003,radiant,18083.0,16692.0,16303.0,16081.0,15862.0,11310.0,12139.0,9867.0,11565.0,7604.0
91,-3314,-2828,-3622,-1768,-231,-11763,dire,13975.0,18339.0,13642.0,17578.0,12217.0,15787.0,8118.0,9889.0,6034.0,6636.0
92,-4419,-3958,-2804,-1230,1836,-10575,dire,13344.0,17519.0,12358.0,16132.0,10649.0,13107.0,7450.0,8491.0,9023.0,7147.0
93,-3048,2175,828,-2967,-3090,-6102,radiant,17057.0,19475.0,15611.0,13559.0,12656.0,12125.0,7561.0,10277.0,6601.0,9349.0
94,542,4498,592,-334,711,6009,radiant,17370.0,16519.0,18444.0,13305.0,15500.0,14513.0,8986.0,9196.0,8750.0,7597.0
95,705,246,1470,1737,1526,5684,radiant,15911.0,15939.0,17312.0,16675.0,16547.0,15312.0,10408.0,8455.0,8638.0,7244.0
96,3287,-40,1786,-1664,-1374,1995,dire,18691.0,15497.0,14949.0,15113.0,14111.0,12352.0,8721.0,10132.0,7271.0,8998.0
97,-3464,718,-729,31,272,-3172,dire,18359.0,20790.0,15902.0,14640.0,13781.0,13812.0,8604.0,7968.0,8428.0,7714.0
98,-5150,-1393,-441,-437,-1734,-9155,dire,16970.0,22198.0,14487.0,15717.0,13093.0,13766.0,8236.0,8445.0,6849.0,8746.0
99,-5385,-2993,-3801,-1940,-2359,-16478,dire,15075.0,20310.0,12095.0,14892.0,12848.0,16592.0,7863.0,9621.0,8360.0,10722.0
100,4640,1771,1360,1278,1998,11047,radiant,20067.0,15841.0,17494.0,15768.0,14762.0,12765.0,9039.0,7605.0,9027.0,6939.0
101,9304,732,1453,1531,1105,14125,radiant,24836.0,15213.0,14351.0,14089.0,14349.0,12809.0,9127.0,7915.0,7776.0,6702.0
102,-670,1995,-1380,-1660,1048,-667,dire,17572.0,17352.0,13717.0,10816.0,12855.0,12719.0,8841.0,10184.0,6988.0,5631.0
103,3425,-1077,-368,6,3819,5805,radiant,19427.0,16673.0,13157.0,14528.0,14075.0,14772.0,9190.0,9738.0,10336.0,6879.0
104,-1374,-443,-4153,-4104,-2848,-12922,dire,15699.0,18588.0,16364.0,17991.0,11948.0,17233.0,9607.0,14478.0,6985.0,10465.0
105,359,2414,336,819,2908,6836,radiant,16883.0,16213.0,14881.0,12364.0,12619.0,12532.0,10804.0,10093.0,10407.0,7640.0
106,-7381,552,57,-3170,-1431,-11373,dire,13025.0,20486.0,12027.0,11176.0,12817.0,12238.0,9351.0,12335.0,7168.0,8601.0
107,-1728,1992,278,-1293,1258,507,radiant,15130.0,16939.0,15361.0,13324.0,12411.0,11872.0,8583.0,9912.0,7865.0,6691.0
108,4851,2471,-907,-1077,-494,4844,dire,19749.0,15163.0,15119.0,13241.0,14150.0,15083.0,11014.0,11600.0,9690.0,10181.0
109,-6589,-1572,-1843,-2387,251,-12140,dire,15821.0,22496.0,14825.0,16138.0,13837.0,15625.0,8168.0,10434.0,8390.0,7780.0
110,-903,-3035,-3434,511,1901,-4960,radiant,19470.0,19866.0,14272.0,16994.0,12436.0,15466.0,10816.0,9995.0,10414.0,8264.0
111,-9461,-2735,-5300,-883,-459,-18838,dire,15662.0,23912.0,13144.0,15604.0,9100.0,13763.0,6853.0,6491.0,6452.0,6285.0
112,-1712,2868,587,1541,-820,2464,radiant,16170.0,18146.0,16881.0,13805.0,13316.0,12477.0,11387.0,9679.0,8851.0,9546.0
113,10256,2906,3660,3741,3316,23879,radiant,22638.0,12553.0,16474.0,13112.0,15882.0,12579.0,10757.0,7451.0,10288.0,7587.0
114,-1480,-1773,-2422,-1159,-1268,-8102,dire,18685.0,19322.0,16327.0,17604.0,15138.0,16953.0,10127.0,11092.0,8484.0,8929.0
115,2177,-3747,-3665,-2017,-45,-7297,dire,19318.0,17267.0,12028.0,15367.0,10943.0,14439.0,7845.0,9785.0,8114.0,7904.0
116,516,-2269,-694,-2177,-269,-4893,dire,18594.0,18636.0,16234.0,18512.0,14106.0,15181.0,7324.0,9742.0,6013.0,6790.0
117,-2303,-1135,1680,-4779,-1334,-7871,dire,15472.0,17366.0,14561.0,15343.0,13982.0,12617.0,8756.0,13744.0,8947.0,10376.0
118,-6692,-3242,-1024,-1819,-979,-13756,dire,16107.0,22246.0,13803.0,17099.0,11385.0,12940.0,11106.0,12967.0,8763.0,9439.0
119,-9526,-1458,-3272,-1566,-2027,-17849,dire,16528.0,25725.0,14952.0,16151.0,11800.0,14855.0,7840.0,8886.0,7260.0,9418.0
120,-1830,-2488,385,1025,-3991,-6899,dire,14650.0,18370.0,13490.0,15881.0,13615.0,14171.0,10625.0,10668.0,6330.0,10994.0
121,-3685,2541,1080,-2864,2122,-806,radiant,18841.0,22680.0,18458.0,15154.0,17429.0,16021.0,8198.0,10859.0,9705.0,7543.0
122,-3121,-4086,-5034,1003,-970,-12208,dire,14237.0,17029.0,14554.0,18637.0,10614.0,15308.0,9077.0,7692.0,6999.0,7885.0
123,474,3351,3957,282,1729,9793,radiant,17483.0,16829.0,16580.0,13290.0,15684.0,11879.0,11139.0,10738.0,8233.0,6362.0
124,4388,7491,4416,4027,4715,25037,radiant,21714.0,17994.0,19397.0,13390.0,16334.0,12309.0,12017.0,8559.0,10492.0,6432.0
125,-396,-3236,-3186,-3079,-2239,-12136,dire,16998.0,17585.0,15311.0,18678.0,11188.0,14327.0,7978.0,10919.0,8171.0,10507.0
126,-350,1404,422,-184,-1658,-366,dire,18655.0,18974.0,14616.0,13153.0,13749.0,13036.0,8805.0,8004.0,6394.0,8107.0
127,657,1457,3124,-1459,-1517,2262,radiant,21315.0,20200.0,17779.0,15261.0,16082.0,12161.0,8882.0,10325.0,6902.0,8176.0
128,-3491,-4363,-2858,-2672,-2238,-15622,dire,16715.0,19027.0,15192.0,19484.0,13373.0,15731.0,9015.0,11274.0,7392.0,9322.0
129,534,-1926,1753,2704,-337,2728,dire,18196.0,17312.0,15713.0,18132.0,14710.0,13403.0,11645.0,9293.0,8846.0,9458.0
130,-6105,-4569,-4649,-8857,-3951,-28131,dire,15926.0,21977.0,13343.0,18507.0,13109.0,18008.0,7895.0,16827.0,5869.0,9799.0
131,8598,3268,-510,2315,2187,15858,radiant,26311.0,17858.0,19574.0,16301.0,13716.0,14289.0,9141.0,7275.0,8980.0,7075.0
132,1808,-3201,-1824,-1164,-1551,-5932,dire,19224.0,17399.0,12289.0,15574.0,11465.0,13524.0,7267.0,8367.0,6567.0,8003.0
133,1148,2058,1386,1224,1423,7239,radiant,20653.0,19591.0,15880.0,13701.0,12715.0,10545.0,10616.0,9188.0,10002.0,8145.0
134,9178,1725,-515,-646,421,10163,radiant,24544.0,14244.0,16029.0,13203.0,13276.0,12219.0,11149.0,10885.0,10564.0,9460.0
135,-7019,-2570,-7676,-2558,-4833,-24656,dire,19037.0,26792.0,16556.0,19480.0,12544.0,19628.0,8977.0,11811.0,5677.0,10641.0
136,4235,5808,5589,1565,1341,18538,radiant,21446.0,17971.0,17837.0,12502.0,16530.0,11117.0,8803.0,7574.0,7876.0,6884.0
137,2242,-3738,-29,-102,1326,-301,dire,19130.0,16219.0,15061.0,18854.0,15413.0,14691.0,9345.0,8845.0,8882.0,7808.0
138,4014,1979,487,2589,-2117,6952,dire,17657.0,13488.0,17798.0,15369.0,14579.0,14027.0,10976.0,8206.0,8161.0,10036.0
139,-556,1931,-2243,-1961,19,-2810,dire,17517.0,18039.0,16174.0,13955.0,12406.0,14920.0,7950.0,9849.0,8049.0,8059.0
140,10643,-1611,3415,2641,1460,16548,radiant,29326.0,19886.0,16315.0,18559.0,15970.0,13093.0,11502.0,9648.0,9624.0,9355.0
141,-3155,-2437,-2085,-1248,-1030,-9955,dire,18056.0,19906.0,15872.0,18146.0,15040.0,16276.0,10029.0,9923.0,8246.0,8393.0
142,2439,2037,2839,3279,-570,10024,radiant,18209.0,15943.0,17365.0,14929.0,15754.0,13382.0,13493.0,10702.0,7846.0,8319.0
143,-4699,-3201,-3557,3469,2727,-5261,dire,16194.0,19542.0,14545.0,18233.0,14493.0,19027.0,11139.0,7867.0,11562.0,7877.0
144,3321,1104,6282,1287,1559,13553,radiant,20635.0,18080.0,15523.0,15965.0,15702.0,10203.0,9730.0,9051.0,8111.0,6951.0
145,6505,-1552,5117,-3123,363,7310,dire,21057.0,13725.0,13560.0,13824.0,16630.0,11238.0,8539.0,11064.0,9815.0,9105.0
146,-6630,-2019,-3731,-2101,-543,-15024,dire,14844.0,21025.0,14118.0,15744.0,11195.0,13846.0,7390.0,9313.0,6433.0,7237.0
147,-6183,1444,-1096,-3841,-372,-10048,dire,17744.0,21927.0,15403.0,13057.0,14227.0,14542.0,8321.0,11856.0,9023.0,8778.0
148,-3187,-2488,-5909,-4828,-2978,-19390,dire,14752.0,17001.0,13419.0,16403.0,9208.0,14546.0,6492.0,11237.0,6945.0,10065.0
149,6229,2564,1483,-3119,2636,9793,radiant,20273.0,13899.0,15506.0,12480.0,13250.0,11062.0,9521.0,11920.0,9543.0,6870.0
150,-5273,-5061,1040,-2420,-2438,-14152,dire,15129.0,20052.0,12173.0,16370.0,12160.0,10600.0,9391.0,11420.0,7658.0,9990.0
151,6210,864,3949,2036,236,13295,radiant,22364.0,15766.0,13812.0,12574.0,14717.0,11287.0,10021.0,8305.0,7931.0,7753.0
152,-472,-3684,2952,3727,4548,7071,radiant,17686.0,18440.0,14355.0,17947.0,15223.0,12579.0,12048.0,8681.0,11386.0,7036.0
153,3140,669,1984,5134,2092,13019,radiant,19664.0,16591.0,15394.0,14305.0,14275.0,12046.0,13561.0,7429.0,9674.0,7790.0
154,5897,3845,5245,2925,-288,17624,radiant,22051.0,16202.0,19047.0,16075.0,17002.0,11791.0,12260.0,9311.0,8567.0,8950.0
155,-4247,3953,4933,2208,998,7845,radiant,14882.0,19292.0,16118.0,12137.0,14474.0,10080.0,9412.0,7240.0,7224.0,6339.0
156,-302,4549,3858,760,580,9445,radiant,19259.0,18638.0,18791.0,12387.0,17803.0,13063.0,8690.0,7496.0,7515.0,6192.0
157,4899,1501,42,-1589,1394,6247,dire,20703.0,15903.0,15426.0,13537.0,14770.0,14576.0,7811.0,9272.0,7343.0,5946.0
158,5077,2840,2937,2090,2369,15313,radiant,23594.0,19208.0,15880.0,13529.0,14930.0,12841.0,9313.0,7377.0,9092.0,6475.0
159,-549,2738,3530,4081,2697,12497,radiant,18055.0,18448.0,16683.0,13932.0,15615.0,12003.0,12469.0,8292.0,9644.0,7171.0
160,588,1569,1539,1600,710,6006,radiant,20190.0,19453.0,18095.0,16200.0,15980.0,14643.0,11754.0,10230.0,8899.0,8116.0
161,-421,-4171,-3227,2397,2587,-2835,radiant,20049.0,22250.0,13391.0,17510.0,11015.0,14447.0,10946.0,8416.0,10434.0,8397.0
162,-2208,3965,4560,756,209,7282,radiant,18413.0,19939.0,17837.0,14138.0,16984.0,12661.0,9310.0,8226.0,8150.0,8044.0
163,1188,5567,754,38,1333,8880,radiant,19556.0,19343.0,19118.0,13871.0,14253.0,14174.0,8874.0,9076.0,7296.0,6284.0
164,-1853,-4652,-4752,-1111,-3782,-16150,dire,16841.0,18008.0,13527.0,18296.0,11923.0,16505.0,9977.0,10367.0,7873.0,11506.0
165,4903,1438,5008,4337,1904,17590,radiant,17795.0,12583.0,13605.0,11803.0,13422.0,8230.0,10052.0,5639.0,7318.0,5338.0
166,-753,585,635,-3954,-2533,-6020,dire,16741.0,18467.0,16169.0,16430.0,11842.0,11613.0,8105.0,13133.0,6535.0,9123.0
167,279,-196,4626,1101,420,6230,radiant,13691.0,14018.0,15554.0,16406.0,15552.0,11235.0,9413.0,8271.0,6169.0,6248.0
168,-4582,-423,2087,-1218,-1896,-6032,radiant,15786.0,20962.0,15646.0,16767.0,14142.0,12352.0,8635.0,10214.0,5980.0,8546.0
169,11948,6637,4994,3195,1730,28504,radiant,25876.0,14569.0,20081.0,13650.0,16892.0,12411.0,10610.0,8041.0,9009.0,7735.0
170,2265,1695,6093,-808,1102,10347,radiant,17250.0,15685.0,16840.0,15338.0,15509.0,9762.0,9590.0,10367.0,8456.0,7320.0
171,1728,578,5288,-128,1985,9451,radiant,20371.0,17649.0,16180.0,15280.0,15826.0,10160.0,10988.0,10969.0,11461.0,9433.0
172,-2392,571,-379,1273,-1077,-2004,radiant,21279.0,23514.0,15313.0,15695.0,12952.0,12765.0,9897.0,8690.0,7236.0,8211.0
173,1393,3415,4494,2197,1639,13138,radiant,18227.0,16284.0,17134.0,14093.0,16677.0,11353.0,12103.0,9418.0,9923.0,8107.0
174,4273,1528,-409,-4159,-818,415,radiant,25739.0,22000.0,17434.0,15848.0,16066.0,16212.0,6159.0,10324.0,5543.0,6251.0
175,-1757,1493,-321,-1524,-1610,-3719,radiant,15204.0,16078.0,16932.0,14303.0,14419.0,14315.0,8655.0,9777.0,7495.0,8894.0
176,3289,602,-3554,1322,1020,2679,dire,24019.0,19748.0,18062.0,18078.0,13175.0,16113.0,11702.0,9371.0,10099.0,8683.0
177,-2387,-958,-2931,1929,3566,-781,radiant,19791.0,22292.0,17948.0,18246.0,14851.0,17388.0,11285.0,8956.0,11271.0,7797.0
178,-4329,956,1965,-825,-1686,-3919,radiant,15637.0,21136.0,13829.0,15217.0,14224.0,12224.0,7438.0,9622.0,7286.0,8999.0
179,-2045,2736,1783,-284,509,2699,radiant,15775.0,17649.0,15972.0,12724.0,15204.0,13415.0,6780.0,7301.0,7635.0,7087.0
180,1332,-462,-4645,431,2200,-1144,dire,20704.0,17595.0,17325.0,17999.0,10547.0,14517.0,9893.0,9003.0,9479.0,7583.0
181,-2621,-2941,349,-3254,436,-8031,dire,18658.0,21090.0,14475.0,16510.0,13426.0,13193.0,7421.0,10611.0,7355.0,6667.0
182,-129,-1394,101,26,1948,552,radiant,17202.0,17402.0,14345.0,15545.0,12798.0,13239.0,9499.0,9547.0,8898.0,7093.0
183,8958,4230,1408,2836,1174,18606,radiant,25935.0,17078.0,19115.0,14975.0,15341.0,14199.0,11810.0,9098.0,7475.0,6234.0
184,123,-1694,-377,1699,-332,-581,dire,18902.0,18377.0,15117.0,16005.0,13273.0,13287.0,10197.0,8592.0,7869.0,7971.0
185,-3296,-1972,-1747,-1415,-5,-8435,dire,13944.0,16101.0,13984.0,15607.0,12564.0,13739.0,8442.0,9658.0,7022.0,6768.0
186,-373,-513,8028,-2523,2536,7155,dire,16513.0,16707.0,15855.0,16788.0,17342.0,10699.0,9811.0,12489.0,9415.0,7267.0
187,5243,1249,455,1096,1294,9337,radiant,19085.0,14256.0,16592.0,15390.0,16300.0,15685.0,9808.0,8588.0,8751.0,7165.0
188,-2778,3444,3208,223,101,4198,radiant,15651.0,17681.0,17781.0,13805.0,15514.0,12565.0,9744.0,9426.0,9242.0,9022.0
189,-2417,1436,-515,-287,2384,601,radiant,19674.0,22261.0,16357.0,14681.0,13533.0,13665.0,9402.0,9289.0,9421.0,7262.0
190,-2384,-5651,-3095,-1137,-2092,-14359,radiant,22444.0,23996.0,14217.0,19508.0,13197.0,16203.0,8989.0,9982.0,7772.0,9854.0
191,566,729,-996,-143,97,253,radiant,14776.0,15583.0,14112.0,13421.0,13513.0,15253.0,9227.0,9338.0,6755.0,7505.0
192,4757,3897,3110,4597,400,16761,radiant,19765.0,14610.0,15650.0,11884.0,13119.0,9901.0,12825.0,8520.0,7821.0,7497.0
193,476,2873,3447,-3782,-50,2964,dire,17819.0,17985.0,19248.0,15962.0,18402.0,14971.0,7189.0,10265.0,5696.0,5648.0
194,1455,3006,1731,-987,-1952,3253,dire,18214.0,16098.0,19249.0,15088.0,15598.0,13775.0,8639.0,9857.0,7853.0,9450.0
195,2632,471,-318,380,2171,5336,radiant,19363.0,16907.0,16101.0,14966.0,13206.0,14034.0,9647.0,8893.0,10368.0,7947.0
196,-48,-2547,-75,1769,1564,663,dire,18903.0,18576.0,16586.0,18439.0,15847.0,16155.0,10906.0,9077.0,9647.0,7950.0
197,235,249,844,-409,5,924,radiant,19003.0,18451.0,17371.0,16811.0,17625.0,16040.0,12058.0,12428.0,7933.0,7830.0
198,8956,2327,5021,4055,983,21342,radiant,24156.0,14042.0,14918.0,12296.0,14614.0,9423.0,11533.0,7529.0,8161.0,7164.0
199,-4084,-2772,-2885,-755,-1443,-11939,dire,19267.0,22900.0,17307.0,19584.0,15135.0,18172.0,9077.0,9448.0,8486.0,9647.0
200,4191,3888,6142,5011,2040,21272,radiant,20527.0,16169.0,17197.0,13634.0,15052.0,9876.0,12063.0,7279.0,9026.0,7280.0
201,1505,-147,-1203,976,1377,2508,dire,19974.0,19579.0,18171.0,17568.0,13906.0,14684.0,10160.0,9266.0,9711.0,8323.0
202,-793,-3328,-1686,-1214,1536,-5485,dire,17028.0,19771.0,15003.0,18894.0,13228.0,14964.0,8776.0,10848.0,10170.0,8719.0
203,8545,5569,157,-418,857,14710,radiant,24558.0,16053.0,21562.0,15370.0,16701.0,17032.0,9200.0,9804.0,9207.0,8170.0
204,1420,-1275,-3389,-367,-759,-4370,dire,19070.0,17893.0,17726.0,19113.0,13080.0,16496.0,8785.0,9513.0,8302.0,8879.0
205,-704,2840,-137,-2317,-628,-946,dire,18956.0,19620.0,17254.0,14184.0,12408.0,12379.0,6562.0,8182.0,7676.0,8215.0
206,-1667,2761,4120,157,-241,5130,radiant,19173.0,20735.0,16175.0,14194.0,16181.0,11730.0,9664.0,9767.0,9414.0,9735.0
207,1010,-2732,-1255,1424,90,-1463,radiant,18642.0,17385.0,13902.0,16365.0,12662.0,13562.0,11337.0,10037.0,11070.0,10981.0
208,2323,130,2822,570,294,6139,radiant,22001.0,19892.0,15274.0,14957.0,13837.0,11273.0,9421.0,8963.0,8710.0,8173.0
209,663,-3046,4171,852,-463,2177,radiant,20107.0,19732.0,19411.0,22633.0,18015.0,14591.0,13624.0,13025.0,8806.0,10479.0
210,4865,4348,2131,-722,1110,11732,radiant,20404.0,16472.0,19570.0,14796.0,12878.0,10412.0,10111.0,11198.0,9153.0,7861.0
211,5755,1272,522,781,-441,7889,dire,22712.0,16610.0,16285.0,14956.0,15472.0,14838.0,10433.0,9525.0,10000.0,10702.0
212,6402,775,510,1249,878,9814,radiant,22232.0,15380.0,17108.0,16207.0,11801.0,11525.0,9333.0,8034.0,7317.0,6382.0
213,-3037,3957,4081,749,-1161,4589,dire,17961.0,20741.0,16713.0,12228.0,15913.0,11619.0,10977.0,10039.0,8092.0,8943.0
214,1895,2141,2395,-995,1909,7345,radiant,18773.0,17164.0,17418.0,15057.0,16612.0,14432.0,11325.0,12065.0,11048.0,9143.0
215,-890,-6012,2632,36,12,-4222,dire,21020.0,21029.0,13375.0,19495.0,15075.0,11866.0,11212.0,10721.0,8948.0,8708.0
216,-6049,-6118,1458,420,961,-9328,dire,13511.0,20223.0,14670.0,20448.0,14337.0,12380.0,10191.0,9749.0,8971.0,8016.0
217,-3916,2606,-2327,-1858,-833,-6328,dire,17071.0,19863.0,16952.0,13816.0,9485.0,11057.0,7435.0,9714.0,7047.0,7921.0
218,4787,5223,1659,2068,1175,14912,radiant,18184.0,13094.0,18650.0,13259.0,14042.0,12308.0,9719.0,7767.0,7838.0,6690.0
219,2944,663,4718,2296,1851,12472,radiant,20046.0,18030.0,17316.0,17401.0,16697.0,12320.0,9981.0,8136.0,8548.0,7169.0
220,3178,846,449,1425,2632,8530,radiant,21587.0,18449.0,16467.0,16377.0,11192.0,10820.0,10592.0,9094.0,9311.0,6651.0
221,-4625,2576,1593,-2742,767,-2431,dire,15130.0,20571.0,15274.0,13774.0,14603.0,13333.0,12378.0,14607.0,9102.0,8969.0
222,-2729,-1198,-1585,-1357,-276,-7145,dire,19262.0,22337.0,16234.0,16804.0,13664.0,15446.0,8003.0,9361.0,8313.0,8344.0
223,2590,212,-2426,719,-3241,-2146,radiant,20981.0,18579.0,16926.0,16183.0,13748.0,16222.0,11734.0,10896.0,6341.0,9598.0
224,145,-3587,4856,-6714,-4073,-9373,dire,18166.0,18389.0,12722.0,16448.0,15249.0,10241.0,7792.0,14679.0,6753.0,10914.0
225,5798,539,-1063,1423,164,6861,radiant,22045.0,16080.0,15516.0,15443.0,12214.0,12872.0,9293.0,8483.0,8394.0,8546.0
226,5739,1442,-2670,664,-2171,3004,radiant,21453.0,15504.0,17651.0,16111.0,15351.0,18189.0,9764.0,8904.0,7307.0,9096.0
227,-7537,-5127,-3169,-2927,-4523,-23283,dire,14022.0,20548.0,13180.0,18566.0,12983.0,15895.0,9001.0,11165.0,7009.0,11141.0
228,-4159,-410,-641,-734,-2132,-8076,dire,19702.0,23116.0,15582.0,15730.0,13442.0,13861.0,9135.0,9493.0,6994.0,8981.0
229,-2410,5624,888,-2566,1632,3168,radiant,18854.0,21728.0,17820.0,13006.0,13425.0,12866.0,9530.0,12273.0,10133.0,8755.0
230,5993,4144,1013,18,2367,13535,radiant,20971.0,16013.0,19024.0,14776.0,14376.0,13216.0,10278.0,10752.0,10325.0,8071.0
231,5385,-2686,-2363,-853,-137,-654,dire,25641.0,19057.0,15188.0,17286.0,14963.0,16430.0,9442.0,9686.0,9369.0,9192.0
232,1091,-1107,-50,-3315,-3073,-6454,dire,20647.0,19474.0,16873.0,18542.0,16022.0,16070.0,7327.0,10244.0,6368.0,9011.0
233,5353,759,-4184,1258,3277,6463,radiant,21529.0,16762.0,15858.0,15160.0,11546.0,15923.0,12679.0,11391.0,11214.0,8406.0
234,-4567,574,-764,508,859,-3390,dire,19114.0,22800.0,17628.0,17085.0,15953.0,16145.0,10247.0,9581.0,9539.0,8550.0
235,-1934,-1830,2792,832,-121,-261,dire,18144.0,19565.0,14247.0,15632.0,15806.0,12932.0,9732.0,8941.0,7162.0,7595.0
236,-6923,-4747,-1907,-583,-86,-14246,dire,13389.0,19709.0,13023.0,16280.0,10124.0,11814.0,10762.0,10672.0,9331.0,8810.0
237,1612,4430,2044,1994,-510,9570,radiant,22205.0,20860.0,18841.0,14706.0,15285.0,13657.0,11811.0,9749.0,9118.0,9677.0
238,-8255,-8491,-5122,61,-3011,-24818,dire,12567.0,20263.0,12009.0,19871.0,10436.0,15379.0,10450.0,10277.0,7112.0,10063.0
239,-13775,-1241,-839,-2583,-2113,-20551,dire,14594.0,28478.0,14047.0,15620.0,14343.0,14816.0,8017.0,10525.0,8151.0,9949.0
240,-4247,560,-5625,-3083,1309,-11086,dire,15550.0,20410.0,15710.0,15871.0,9469.0,15744.0,9575.0,12858.0,9903.0,9307.0
241,-7018,200,2468,-3833,-2740,-10923,radiant,14687.0,20702.0,15624.0,15890.0,15625.0,12067.0,8429.0,11643.0,8234.0,10386.0
242,-4938,-2837,457,1645,796,-4877,dire,19669.0,24068.0,16843.0,19523.0,16516.0,15693.0,10941.0,9584.0,9748.0,8872.0
243,-4512,-3139,-4725,1066,-2831,-14141,dire,15209.0,20014.0,11933.0,15321.0,11077.0,15803.0,10963.0,10356.0,8570.0,11615.0
244,-8149,-1421,-1637,-1254,-1609,-14070,dire,15083.0,21881.0,14626.0,14865.0,12571.0,14047.0,9682.0,10422.0,9482.0,10219.0
245,-5924,114,-634,28,-734,-7150,dire,13583.0,19636.0,13569.0,13157.0,12846.0,13378.0,9693.0,9452.0,7439.0,8166.0
246,3370,3541,790,3342,789,11832,radiant,22312.0,18880.0,17380.0,13756.0,15990.0,15546.0,12419.0,9468.0,9152.0,8351.0
247,2489,4428,-365,1750,-1656,6646,radiant,17162.0,15070.0,18101.0,13220.0,13692.0,14467.0,9023.0,7551.0,6786.0,8345.0
248,4046,4521,2521,-403,2219,12904,radiant,19821.0,17390.0,18096.0,14780.0,14812.0,13113.0,10006.0,11382.0,9666.0,7998.0
249,-474,-469,1263,759,324,1403,radiant,17543.0,18495.0,14612.0,15634.0,14151.0,12983.0,9560.0,9080.0,8074.0,7628.0
250,24,-4284,-5586,-109,-984,-10939,dire,18277.0,18267.0,13750.0,18718.0,10914.0,17520.0,10432.0,10873.0,8505.0,10010.0
251,-542,2354,913,-1728,-2290,-1293,radiant,16957.0,17258.0,15384.0,13235.0,12948.0,12535.0,8250.0,10202.0,7338.0,9843.0
252,3789,5849,7516,4556,3483,25193,radiant,20026.0,16181.0,18461.0,12487.0,17226.0,9995.0,13044.0,8817.0,9138.0,5637.0
253,-7287,-1560,824,-5285,-5728,-19036,dire,17883.0,23534.0,16337.0,16743.0,14411.0,13627.0,8939.0,13659.0,6434.0,11935.0
254,-999,448,-3953,-9010,-1684,-15198,dire,14318.0,15596.0,13306.0,13173.0,11474.0,15208.0,7421.0,16458.0,6057.0,7712.0
255,-1208,-3436,-5434,-2200,-2625,-14903,dire,15266.0,16064.0,11676.0,15030.0,9695.0,15056.0,7922.0,9975.0,7460.0,10161.0
256,-6292,-4814,-243,-4190,-4860,-20399,dire,12903.0,19213.0,13580.0,18596.0,12527.0,12791.0,7361.0,11647.0,5241.0,9921.0
257,-3318,-568,-2630,1361,-2824,-7979,dire,16091.0,19042.0,14988.0,15004.0,11818.0,14431.0,11706.0,10173.0,6672.0,9645.0
258,-1201,-4737,-3891,719,1532,-7578,dire,21636.0,23546.0,13977.0,19229.0,13201.0,17375.0,8815.0,8341.0,9733.0,8801.0
259,-189,-2826,-2884,-2524,-1523,-9946,dire,15620.0,16038.0,14819.0,17224.0,12751.0,15398.0,9048.0,11795.0,7472.0,9039.0
260,-2553,-2809,-938,-1562,376,-7486,dire,19435.0,21779.0,15521.0,18188.0,13505.0,14060.0,8420.0,9437.0,7654.0,7087.0
261,-3111,-2729,-6368,-4190,-3507,-19905,dire,17601.0,20834.0,15794.0,18710.0,9901.0,16168.0,8674.0,12976.0,7905.0,11562.0
262,737,-1154,-5454,-1947,-750,-8568,radiant,19703.0,18349.0,14161.0,15316.0,12006.0,17249.0,6665.0,8695.0,7489.0,8149.0
263,7543,6443,6029,3390,4555,27960,radiant,22219.0,14593.0,19019.0,12685.0,17798.0,11254.0,10371.0,7178.0,10123.0,5796.0
264,-3155,-4661,-5796,-4907,-2653,-21172,dire,17460.0,19146.0,15687.0,18253.0,13794.0,17966.0,8734.0,12647.0,7310.0,9530.0
265,1662,2,-853,-1123,-409,-721,dire,15774.0,13755.0,14995.0,15139.0,13869.0,15470.0,8946.0,10163.0,7123.0,7341.0
266,1403,-135,2084,408,-1908,1852,dire,22038.0,20349.0,15840.0,15107.0,13938.0,11673.0,10057.0,9257.0,8732.0,10656.0
267,1467,1461,2153,899,2148,8128,radiant,16941.0,16014.0,13987.0,12590.0,13880.0,12033.0,8357.0,8280.0,8073.0,6643.0
268,-2325,415,-744,1307,1037,-310,dire,14947.0,16497.0,16624.0,15344.0,14554.0,14560.0,9281.0,7857.0,7014.0,5998.0
269,-4370,573,-604,-367,561,-4207,dire,16079.0,21000.0,17396.0,16113.0,13527.0,14576.0,10072.0,10453.0,9074.0,8649.0
270,3865,3842,2490,361,1792,12350,radiant,21571.0,17291.0,19529.0,15877.0,15935.0,13323.0,9674.0,9129.0,8384.0,6583.0
271,936,2619,4382,373,1543,9853,radiant,19712.0,18856.0,17834.0,14969.0,17019.0,12629.0,9457.0,8957.0,8060.0,6281.0
272,3820,-605,-1103,4144,1241,7497,radiant,20821.0,18538.0,14783.0,16758.0,13572.0,14807.0,13346.0,9120.0,10358.0,9144.0
273,4694,626,-524,3311,837,8944,radiant,20961.0,16913.0,15826.0,15418.0,14860.0,15803.0,11275.0,8448.0,8269.0,7652.0
274,3437,3784,2450,4148,460,14279,radiant,19754.0,16162.0,15731.0,11902.0,14329.0,11567.0,9385.0,5518.0,6334.0,6288.0
275,-4970,847,-1322,2058,724,-2663,radiant,17799.0,24009.0,17773.0,17251.0,12147.0,14280.0,11927.0,10696.0,9477.0,8431.0
276,6700,2305,4004,4226,2107,19342,radiant,21075.0,14709.0,15621.0,12912.0,14378.0,10703.0,13143.0,9035.0,9800.0,7712.0
277,3727,1292,259,1281,1099,7658,radiant,19423.0,16194.0,16381.0,15403.0,14215.0,13949.0,9457.0,8163.0,8157.0,7132.0
278,1162,4106,669,726,-1512,5151,radiant,16475.0,14729.0,16874.0,12391.0,14524.0,13393.0,9800.0,8882.0,8063.0,9144.0
279,6170,1519,-2843,-3142,-3693,-1989,radiant,19895.0,13650.0,15949.0,14102.0,12037.0,14640.0,9048.0,11725.0,7967.0,10862.0
280,5453,5384,5441,2505,2085,20868,radiant,20361.0,15310.0,16915.0,12029.0,16555.0,11796.0,11550.0,9355.0,10057.0,8154.0
281,251,3296,3711,8036,1511,16805,radiant,18284.0,18346.0,17395.0,13911.0,14584.0,10568.0,13831.0,6186.0,7780.0,6100.0
282,-521,9593,4024,2036,2249,17381,radiant,22195.0,21593.0,23713.0,13515.0,16384.0,11934.0,10466.0,8609.0,8831.0,6640.0
283,7816,-430,3779,1835,1238,14238,radiant,26577.0,17650.0,16372.0,15518.0,17744.0,13296.0,11449.0,8855.0,9686.0,7527.0
284,89,-2449,2727,-94,-2544,-2271,dire,21924.0,20401.0,15584.0,17322.0,18068.0,15072.0,9276.0,8800.0,7205.0,9411.0
285,4218,5312,3868,443,1978,15819,radiant,20145.0,15705.0,20679.0,14645.0,15881.0,12241.0,10381.0,9714.0,9288.0,7567.0
286,2115,869,2885,1951,75,7895,radiant,15801.0,14173.0,13928.0,13856.0,14965.0,12506.0,9952.0,8030.0,7689.0,8625.0
287,-2209,192,1002,3102,-1371,716,radiant,16855.0,18537.0,15126.0,14437.0,15402.0,14515.0,10220.0,7500.0,7494.0,9161.0
288,981,-1908,-3342,-1053,-3157,-8479,dire,21590.0,20559.0,12685.0,14920.0,12566.0,16048.0,7580.0,8518.0,5475.0,8422.0
289,1759,396,3884,675,1723,8437,radiant,20043.0,18530.0,14438.0,13728.0,15310.0,11447.0,9048.0,8490.0,8913.0,7327.0
290,-2624,-4365,-3483,-5271,-2090,-17833,dire,18910.0,20852.0,15315.0,19416.0,14967.0,18240.0,8975.0,14171.0,9239.0,11219.0
291,-2818,-910,-361,-1167,166,-5090,dire,20424.0,23712.0,14467.0,15253.0,13615.0,13847.0,8403.0,9556.0,8534.0,8285.0
292,-1172,-2498,988,1734,1567,619,radiant,18045.0,19661.0,15453.0,17731.0,15275.0,13478.0,11505.0,9641.0,8380.0,7027.0
293,1854,-1077,-130,-1052,1073,668,radiant,20306.0,19185.0,14766.0,15661.0,15095.0,15500.0,10010.0,11420.0,8998.0,7994.0
294,-537,-677,-1356,-1821,-1077,-5468,dire,19094.0,20334.0,13495.0,14895.0,12754.0,14404.0,7189.0,9305.0,6091.0,7690.0
295,-10237,-2905,-2551,-894,998,-15589,dire,14697.0,24693.0,11863.0,14778.0,11468.0,13895.0,9115.0,10132.0,9199.0,8197.0
296,1090,2752,-978,1002,758,4624,dire,16687.0,15560.0,15695.0,13491.0,12340.0,13432.0,9474.0,8271.0,8249.0,6799.0
297,1258,861,4075,184,137,6515,dire,17124.0,16015.0,14670.0,14042.0,15326.0,11603.0,10393.0,9935.0,9110.0,8824.0
298,-664,3460,5958,-2195,12,6571,radiant,19413.0,20290.0,16339.0,12822.0,16857.0,11135.0,7232.0,9014.0,6678.0,6852.0
299,2849,1246,-3884,3143,1883,5237,radiant,20554.0,19265.0,18241.0,17112.0,13279.0,17507.0,10834.0,8112.0,8481.0,7131.0
300,3715,-726,4389,2538,-1229,8687,radiant,23766.0,20590.0,16289.0,17588.0,17401.0,13340.0,10537.0,8168.0,7034.0,8532.0
301,2049,-854,-2867,-2115,730,-3057,radiant,19185.0,18044.0,14937.0,17295.0,14296.0,16784.0,10569.0,13008.0,10377.0,9835.0
302,3355,4870,4626,465,1105,14421,radiant,19344.0,16839.0,18615.0,13792.0,14427.0,10566.0,7751.0,8180.0,7666.0,6993.0
303,3509,3026,-74,1326,824,8611,radiant,20244.0,17078.0,17795.0,14775.0,13552.0,13573.0,9650.0,8148.0,7482.0,6681.0
304,-1525,1006,-1735,1325,-5,-934,dire,18621.0,20973.0,15723.0,14984.0,11389.0,12692.0,12146.0,11252.0,10602.0,9738.0
305,4520,932,3421,1793,1905,12571,radiant,20091.0,15385.0,17676.0,16796.0,17117.0,13551.0,8950.0,7944.0,9287.0,7473.0
306,5533,1666,-1636,2886,531,8980,radiant,22921.0,17311.0,14907.0,13967.0,11118.0,13805.0,10660.0,8276.0,7606.0,7549.0
307,3202,2663,386,1927,1154,9332,radiant,17737.0,14846.0,15819.0,13654.0,13557.0,12985.0,9614.0,7845.0,7398.0,6524.0
308,2455,-986,-808,2683,1770,5114,radiant,18566.0,16560.0,13353.0,14323.0,12114.0,13266.0,11143.0,9192.0,9229.0,7394.0
309,-763,-678,215,-3489,-1949,-6664,dire,18756.0,18496.0,17197.0,18238.0,14663.0,13965.0,7347.0,9071.0,6498.0,8273.0
310,-4208,-3680,-3129,-1825,-1304,-14146,dire,15597.0,19154.0,15365.0,18143.0,14932.0,17471.0,12248.0,13665.0,10394.0,11474.0
311,-3182,5,-2844,288,-1585,-7318,radiant,14912.0,17684.0,16537.0,16741.0,10979.0,13896.0,8488.0,8255.0,6588.0,8138.0
312,2270,-2180,3046,-4908,1135,-637,radiant,20901.0,18307.0,13722.0,15838.0,14163.0,10756.0,8064.0,13023.0,8647.0,7519.0
313,3685,5075,2984,525,239,12508,radiant,19094.0,14911.0,17973.0,12810.0,14666.0,11620.0,7778.0,7766.0,6656.0,6636.0
314,-3444,-3703,-1346,-4760,-2667,-15920,radiant,15131.0,18943.0,12421.0,16470.0,13345.0,14469.0,7628.0,12155.0,7420.0,9644.0
315,869,-100,4402,-1081,-1323,2767,radiant,17653.0,16091.0,14315.0,15012.0,13984.0,9793.0,6817.0,7744.0,6248.0,7445.0
316,-4071,-13,3619,1728,940,2203,radiant,17216.0,21037.0,15831.0,15848.0,15224.0,11793.0,9148.0,7319.0,8265.0,7527.0
317,3007,898,167,2276,1410,7758,radiant,18047.0,15205.0,16215.0,15415.0,14133.0,13862.0,12179.0,9835.0,8511.0,7177.0
318,3022,5105,4535,-254,1138,13546,radiant,18465.0,14985.0,17468.0,12434.0,17219.0,13339.0,9899.0,9894.0,9097.0,7081.0
319,284,-535,4961,61,2162,6933,dire,16613.0,15736.0,14518.0,14910.0,16888.0,11601.0,9203.0,9023.0,8533.0,6507.0
320,-4478,-6358,-3510,-5208,-4681,-24235,dire,19975.0,23464.0,10654.0,17138.0,11124.0,14280.0,9037.0,13426.0,7345.0,12473.0
321,4536,908,1094,4462,1718,12718,radiant,21642.0,17590.0,16550.0,15907.0,13410.0,12598.0,13361.0,9131.0,10398.0,8829.0
322,-5817,-725,-2525,-1487,-2206,-12760,dire,15419.0,21927.0,17301.0,17779.0,10646.0,13285.0,9479.0,10725.0,6433.0,8492.0
323,224,-2090,2519,-1013,10,-350,radiant,17316.0,15977.0,16766.0,17718.0,13931.0,11368.0,8757.0,9663.0,8220.0,7532.0
324,3464,1892,4800,5230,2954,18340,radiant,18437.0,15077.0,17043.0,15238.0,15449.0,10475.0,12217.0,7141.0,9445.0,6619.0
325,7126,7144,5509,655,4387,24821,radiant,21374.0,15122.0,17129.0,10884.0,14880.0,10051.0,8993.0,8829.0,9016.0,4889.0
326,863,-2775,-7046,78,-1947,-10827,dire,17853.0,16406.0,14038.0,16738.0,11762.0,17957.0,9492.0,9186.0,7189.0,8946.0
327,-666,-2802,-1927,1554,2359,-1482,radiant,17386.0,17365.0,15227.0,18172.0,13257.0,15429.0,10517.0,9487.0,9223.0,6687.0
328,-6248,-6084,-4313,-1212,-1557,-19414,dire,14729.0,20388.0,14231.0,19763.0,13014.0,17351.0,8344.0,9487.0,6553.0,8185.0
329,-2170,1222,-198,1189,8,51,dire,17849.0,19140.0,17153.0,15447.0,12838.0,13265.0,10033.0,8899.0,8004.0,7758.0
330,817,463,3542,2563,221,7606,radiant,18957.0,18193.0,17170.0,16029.0,15990.0,12289.0,12133.0,9616.0,11503.0,10736.0
331,-2163,-955,-1932,-65,1258,-3857,dire,17398.0,19419.0,14358.0,15887.0,11559.0,13070.0,8502.0,9118.0,10224.0,9132.0
332,-2836,-4861,-1574,-4058,-1480,-14809,dire,16435.0,19204.0,13131.0,18048.0,12233.0,13901.0,8982.0,13069.0,8850.0,10293.0
333,913,-1348,2605,2821,694,5685,dire,14932.0,13696.0,12252.0,13705.0,14715.0,11825.0,10457.0,7656.0,8899.0,8031.0
334,-465,-3866,-1008,66,-1021,-6294,radiant,15633.0,16384.0,11609.0,15309.0,11345.0,12553.0,8851.0,9096.0,6754.0,7919.0
335,3497,3558,2054,4923,3249,17281,radiant,20234.0,16295.0,15804.0,11962.0,14282.0,11947.0,12671.0,7716.0,8808.0,5679.0
336,-209,1482,778,-1852,-74,125,dire,17120.0,17013.0,13936.0,12363.0,14348.0,13320.0,9001.0,10743.0,8384.0,8097.0
337,224,1868,5427,-289,189,7419,radiant,19255.0,18568.0,19248.0,16911.0,17436.0,11760.0,8292.0,7904.0,8167.0,7128.0
338,520,1287,1312,293,2422,5834,dire,20156.0,19428.0,16017.0,14446.0,14839.0,13304.0,11556.0,11074.0,8970.0,6623.0
339,1534,-1427,1164,1362,-969,1664,radiant,18322.0,17626.0,16258.0,17523.0,14019.0,12775.0,11386.0,10063.0,8949.0,10163.0
340,3076,2324,5395,6318,4464,21577,radiant,17112.0,13561.0,15408.0,12799.0,14746.0,9332.0,12507.0,5959.0,10182.0,6074.0
341,393,-2130,-146,1679,-369,-573,dire,16569.0,15946.0,10893.0,13190.0,11846.0,12122.0,9388.0,7495.0,6720.0,7165.0
342,4812,-1418,3731,302,807,8234,radiant,19895.0,15881.0,13930.0,15730.0,13634.0,10057.0,10111.0,10388.0,7891.0,7098.0
343,-2666,-674,-515,-800,-410,-5065,dire,15904.0,18500.0,15395.0,16608.0,14499.0,14539.0,9523.0,10002.0,6865.0,7218.0
344,-3490,-3972,-3389,-3664,-2431,-16946,dire,19363.0,22791.0,14116.0,17992.0,9704.0,12843.0,7082.0,10855.0,6381.0,8926.0
345,-5290,-4509,-902,-1520,-1716,-13937,dire,16353.0,21290.0,13897.0,16846.0,12690.0,12919.0,8971.0,10581.0,8099.0,9794.0
346,7732,-339,2025,4410,107,13935,radiant,23460.0,16062.0,14979.0,14957.0,14603.0,12980.0,11145.0,7315.0,8836.0,8967.0
347,2906,1603,3021,1770,-596,8704,radiant,20422.0,17683.0,14120.0,12692.0,16144.0,12962.0,11473.0,9485.0,8065.0,8702.0
348,-3439,-1261,-5856,-2066,-1815,-14437,dire,16359.0,19902.0,15889.0,17192.0,12379.0,18368.0,9453.0,11660.0,7470.0,9414.0
349,3501,954,1273,-1089,-477,4162,dire,21905.0,18286.0,16969.0,15266.0,15162.0,13728.0,10704.0,11932.0,7809.0,8368.0
350,4533,1270,2379,4202,267,12651,radiant,19776.0,16563.0,14343.0,14339.0,14089.0,12099.0,12028.0,8297.0,7278.0,7520.0
351,-2223,2609,1375,84,-493,1352,radiant,17691.0,19910.0,18868.0,16552.0,14299.0,12951.0,9552.0,9308.0,8570.0,9312.0
352,1875,334,-2529,458,-1000,-862,radiant,21085.0,18643.0,17733.0,17033.0,12601.0,14935.0,9129.0,8188.0,6761.0,7630.0
353,-2679,2787,-985,-2746,-2173,-5796,radiant,18038.0,20648.0,16005.0,13467.0,14868.0,16317.0,8338.0,11335.0,7803.0,10608.0
354,-7291,772,2266,1880,3142,769,dire,14760.0,22843.0,16607.0,16120.0,15160.0,13014.0,11908.0,9643.0,9036.0,6305.0
355,207,5041,1400,6211,236,13095,dire,18290.0,19044.0,16698.0,11275.0,12914.0,11604.0,14224.0,8046.0,9261.0,8800.0
356,-1575,-6236,-3242,-4596,-1091,-16740,dire,16467.0,18142.0,12136.0,17604.0,13297.0,16244.0,9681.0,13646.0,9202.0,9720.0
357,-5399,-3694,-4217,-239,603,-12946,dire,14764.0,20090.0,12819.0,17067.0,13261.0,17031.0,10654.0,11113.0,9600.0,8802.0
358,-1424,65,752,2213,1025,2631,radiant,17245.0,16542.0,15666.0,15612.0,14959.0,13693.0,11705.0,9288.0,8458.0,7036.0
359,-11294,-5083,-4433,-3880,-2259,-26949,dire,13554.0,24445.0,11221.0,16968.0,11359.0,15543.0,9927.0,14251.0,8572.0,11313.0
360,-4936,-561,-3592,-3005,-2300,-14394,dire,20149.0,23454.0,14423.0,14515.0,10231.0,13515.0,6991.0,9405.0,7015.0,8498.0
361,3438,6796,5750,3980,1150,21114,radiant,21196.0,18405.0,20061.0,13357.0,16783.0,11991.0,11843.0,8195.0,9327.0,8328.0
362,10972,7023,6466,939,2805,28205,radiant,23640.0,12908.0,18111.0,11605.0,17304.0,10471.0,9795.0,9041.0,8330.0,6064.0
363,-6305,-2201,-2262,558,2003,-8207,dire,15782.0,22559.0,14561.0,16968.0,13504.0,16748.0,9258.0,9110.0,9644.0,7526.0
364,3172,1423,46,3533,-280,7894,radiant,19690.0,16633.0,15705.0,14244.0,14320.0,14047.0,12514.0,9144.0,8040.0,8359.0
365,2656,-2895,-2729,-204,-517,-3689,radiant,19205.0,18000.0,14782.0,18934.0,13435.0,16416.0,9541.0,10898.0,6737.0,7835.0
366,710,-1111,-558,-5723,-1490,-8172,dire,19149.0,17902.0,13922.0,15215.0,12214.0,13319.0,8135.0,13646.0,7403.0,9043.0
367,-9926,-3470,-4557,-2049,-1957,-21959,dire,16966.0,26004.0,15231.0,18210.0,13769.0,17293.0,10539.0,11536.0,7388.0,8664.0
368,3253,1079,1664,1371,59,7426,dire,18366.0,14551.0,14579.0,13692.0,14954.0,13105.0,9333.0,8064.0,7322.0,7094.0
369,56,-68,-2170,1086,-1329,-2425,dire,19349.0,19757.0,14494.0,14970.0,12652.0,14943.0,9736.0,8967.0,7434.0,9150.0
370,-4195,-2457,-670,-467,-2169,-9958,dire,14207.0,18485.0,13843.0,15927.0,12796.0,13961.0,10182.0,10907.0,7344.0,9595.0
371,-2762,1933,1854,2557,1598,5180,radiant,19484.0,22450.0,14908.0,12709.0,14029.0,12459.0,10904.0,8349.0,9053.0,7225.0
372,389,-1067,-2006,2061,1243,620,radiant,19014.0,19897.0,13323.0,15264.0,12887.0,15210.0,8736.0,7793.0,7375.0,6837.0
373,4319,1252,-2090,4472,1493,9446,radiant,21248.0,18269.0,17441.0,17406.0,14063.0,15350.0,13551.0,8826.0,9240.0,8298.0
374,1877,591,2733,-1925,-910,2366,radiant,16338.0,14523.0,14299.0,14272.0,15943.0,13821.0,7742.0,10147.0,7818.0,8899.0
375,-3238,-1821,187,-3307,-363,-8542,dire,17017.0,19038.0,16213.0,17860.0,14772.0,14659.0,7343.0,10915.0,7486.0,8327.0
376,2004,2988,-157,3643,856,9334,radiant,22835.0,21274.0,16842.0,14066.0,12846.0,13511.0,11490.0,7971.0,8106.0,7390.0
377,-2137,7,-266,200,1417,-779,dire,15560.0,17673.0,16168.0,16166.0,14483.0,15036.0,9692.0,9535.0,9906.0,8325.0
378,338,-936,-1762,-1047,1937,-1470,dire,18406.0,19319.0,17904.0,19455.0,15881.0,17051.0,9201.0,10138.0,8728.0,7081.0
379,3537,6632,1187,323,2825,14504,radiant,22240.0,18528.0,22356.0,15429.0,16426.0,15101.0,10068.0,9483.0,10128.0,7147.0
380,-436,1046,380,2917,-3076,831,dire,17757.0,17490.0,17784.0,15996.0,17230.0,16000.0,14919.0,10608.0,6581.0,8623.0
381,2054,4781,3315,1557,2444,14151,radiant,19929.0,17804.0,17412.0,12691.0,15471.0,11837.0,12568.0,11014.0,10343.0,7728.0
382,1917,4317,-1323,-1453,-2257,1201,radiant,21109.0,18152.0,19625.0,14370.0,13018.0,14599.0,8711.0,10201.0,4849.0,7193.0
383,-2176,4038,2732,4387,3116,12097,radiant,18303.0,19984.0,16290.0,12456.0,13419.0,10577.0,12771.0,8179.0,9405.0,6183.0
384,-4951,-658,-4520,1660,-2996,-11465,radiant,16556.0,21394.0,14841.0,15486.0,10707.0,14572.0,11719.0,10003.0,7011.0,10140.0
385,-4637,1449,-2389,-6451,-1980,-14008,dire,16369.0,20597.0,16013.0,14383.0,13519.0,15323.0,7271.0,13640.0,6428.0,8173.0
386,1486,30,-1999,-3302,-1452,-5237,dire,17837.0,16619.0,14284.0,14430.0,12963.0,15620.0,7420.0,11256.0,6371.0,7658.0
387,1490,4983,1250,1190,2843,11756,radiant,21251.0,19262.0,17904.0,12790.0,13736.0,12196.0,9653.0,8637.0,9497.0,6729.0
388,-5831,-1226,863,-274,-304,-6772,radiant,13741.0,20202.0,14766.0,15593.0,13951.0,13537.0,10576.0,11081.0,7171.0,7747.0
389,-1946,359,2043,557,-2856,-1843,radiant,19806.0,20564.0,17467.0,18260.0,18031.0,16472.0,10319.0,10401.0,6814.0,9523.0
390,199,-1825,372,-1118,-835,-3207,radiant,17162.0,17375.0,15407.0,17372.0,14759.0,14245.0,8776.0,9531.0,8239.0,8808.0
391,-3873,128,1308,-2881,-617,-5935,dire,14775.0,18539.0,13987.0,13952.0,14426.0,13008.0,7714.0,9605.0,7046.0,7654.0
392,201,-992,2805,3416,5121,10551,radiant,23620.0,22796.0,14175.0,15549.0,13875.0,11565.0,12249.0,9435.0,12144.0,7409.0
393,-753,461,2573,-4276,-3322,-5317,dire,16318.0,16463.0,15934.0,15667.0,15126.0,12630.0,8684.0,13006.0,6970.0,10555.0
394,4065,1114,4388,7959,670,18196,radiant,19308.0,15717.0,15823.0,14777.0,15503.0,11385.0,15174.0,6998.0,7819.0,7221.0
395,1609,1910,-3474,-255,-1305,-1515,radiant,16070.0,16721.0,18080.0,17149.0,12218.0,15231.0,11882.0,12825.0,10277.0,11246.0
396,50,705,-1214,1997,1499,3037,radiant,17094.0,17402.0,15721.0,15248.0,13335.0,14092.0,9061.0,7305.0,8142.0,6716.0
397,768,8471,6775,1161,546,17721,radiant,22030.0,23108.0,19804.0,13304.0,16539.0,11255.0,11621.0,12307.0,7052.0,8266.0
398,1382,2804,3643,5190,1743,14762,radiant,19640.0,17570.0,19034.0,15650.0,15425.0,12265.0,12558.0,7424.0,9164.0,7371.0
399,2425,-1583,1695,-275,-679,1583,dire,19450.0,16311.0,13525.0,14719.0,14938.0,12715.0,7685.0,7634.0,7633.0,7708.0
400,-765,-2385,-2736,-4279,-2280,-12445,dire,16486.0,16507.0,14522.0,17376.0,10973.0,13662.0,6538.0,9808.0,6661.0,9223.0
401,4517,3730,1560,2943,2283,15033,radiant,19826.0,15720.0,17906.0,14682.0,15623.0,15013.0,10939.0,6914.0,9223.0,7304.0
402,6513,4452,4596,1983,1019,18563,radiant,19887.0,12956.0,17816.0,12971.0,15793.0,11144.0,9374.0,6855.0,8107.0,7013.0
403,-6677,1535,-2370,-676,-1722,-9910,dire,10662.0,17674.0,14326.0,12705.0,9710.0,12593.0,6945.0,7651.0,5572.0,7488.0
404,1495,3018,3478,3062,1481,12534,radiant,17661.0,15292.0,13309.0,10186.0,11645.0,8001.0,10249.0,6868.0,7413.0,5848.0
405,1621,1735,3027,951,-38,7296,radiant,16524.0,15285.0,14927.0,13905.0,15490.0,12825.0,9004.0,8312.0,7568.0,7955.0
406,-194,460,-711,1114,-423,246,dire,15958.0,16474.0,15200.0,15476.0,11872.0,12908.0,10086.0,9103.0,7512.0,8256.0
407,-4363,-3503,-4092,80,-837,-12715,dire,14492.0,17864.0,11372.0,14877.0,10132.0,13713.0,8534.0,8177.0,6321.0,6491.0
408,257,2136,-1595,-1362,-3576,-4140,radiant,16190.0,17681.0,16095.0,14334.0,12871.0,15628.0,8359.0,9715.0,8878.0,12794.0
409,6879,-2035,-1838,-1312,-1317,377,radiant,21632.0,15007.0,13613.0,15333.0,13396.0,15784.0,9811.0,11337.0,7876.0,9699.0
410,-5667,-2991,-873,1112,-2704,-11123,dire,15408.0,21042.0,13738.0,16361.0,13460.0,14439.0,10091.0,9062.0,7571.0,10280.0
411,2568,-2425,1879,-2077,-677,-732,dire,20456.0,18312.0,13629.0,15832.0,14013.0,12231.0,8463.0,10437.0,8919.0,9281.0
412,7277,2833,1107,871,791,12879,radiant,24163.0,16051.0,17785.0,13626.0,13720.0,13597.0,11721.0,9544.0,9156.0,8359.0
413,5105,1381,-2306,138,1222,5540,radiant,20738.0,17346.0,15854.0,14800.0,11353.0,13923.0,10207.0,10947.0,9474.0,9107.0
414,-4138,-5431,-5099,-2855,-2217,-19740,dire,17432.0,23122.0,15327.0,20550.0,8975.0,15068.0,9811.0,12528.0,5872.0,8416.0
415,5097,361,3226,4144,3213,16041,radiant,22958.0,18495.0,15728.0,15680.0,13994.0,11001.0,11836.0,7740.0,10275.0,7462.0
416,-3832,-3430,-1724,-242,1716,-7512,dire,18230.0,21943.0,14062.0,17561.0,14196.0,15614.0,8042.0,8000.0,7578.0,5804.0
417,2435,2823,2588,2220,2278,12344,radiant,17693.0,15815.0,16570.0,14412.0,15740.0,14212.0,11690.0,9982.0,11350.0,9576.0
418,1291,1069,-180,3267,492,5939,dire,18909.0,18278.0,15786.0,14831.0,13454.0,13944.0,13173.0,9752.0,9670.0,9605.0
419,-5798,-4612,-1565,-1701,-2115,-15791,dire,17458.0,22937.0,13087.0,16831.0,13045.0,13956.0,9413.0,10436.0,8742.0,10249.0
420,-2686,-1686,-2253,3262,-3925,-7288,radiant,19498.0,21797.0,13293.0,14387.0,11014.0,13569.0,14162.0,10519.0,7933.0,12045.0
421,2302,3061,1258,1496,2003,10120,radiant,20400.0,19110.0,16494.0,13897.0,12798.0,12631.0,9881.0,8842.0,8646.0,7416.0
422,447,1631,2217,-266,1447,5476,dire,18244.0,18205.0,16471.0,15047.0,15725.0,13177.0,10374.0,10790.0,8537.0,7063.0
423,6269,666,1187,3836,2021,13979,radiant,24446.0,18140.0,17066.0,15675.0,14050.0,13514.0,11328.0,7669.0,8341.0,6476.0
424,-2314,1463,-1183,-1339,-3840,-7213,radiant,14687.0,17327.0,15745.0,14381.0,13159.0,14425.0,9171.0,10389.0,7887.0,12415.0
425,2766,-1764,-4549,1109,-1883,-4321,radiant,22477.0,19788.0,15878.0,18708.0,13525.0,17565.0,9487.0,9045.0,6188.0,8393.0
426,12616,-1201,-1585,-781,507,9556,radiant,30100.0,18005.0,15886.0,18233.0,9125.0,11386.0,7123.0,8416.0,7094.0,7024.0
427,-7722,-1783,-2456,2959,1026,-7976,dire,15260.0,23064.0,16969.0,18903.0,12133.0,14376.0,12170.0,9160.0,8149.0,7162.0
428,-251,1579,-2395,3702,-323,2312,radiant,20621.0,20969.0,15592.0,13502.0,11877.0,14621.0,13278.0,9964.0,7877.0,8195.0
429,11400,4182,-2677,1813,-436,14282,dire,28715.0,17330.0,16434.0,12167.0,10273.0,13416.0,9934.0,8438.0,8061.0,8740.0
430,-2161,-3039,1980,7470,548,4798,radiant,19095.0,20175.0,13932.0,15645.0,14305.0,12098.0,14255.0,7040.0,8261.0,7035.0
431,-898,-1274,-512,2183,1479,978,dire,21233.0,22562.0,18553.0,20098.0,13863.0,14548.0,10588.0,8338.0,7815.0,6430.0
432,3959,1724,4553,755,4662,15653,radiant,19158.0,14619.0,14843.0,13595.0,15807.0,11058.0,11239.0,10620.0,10654.0,6168.0
433,-1468,-1656,2379,4097,2021,5373,radiant,19383.0,20398.0,17187.0,18965.0,16532.0,14263.0,12361.0,8838.0,7300.0,5791.0
434,9069,-2139,-1217,1004,-769,5948,radiant,22901.0,14114.0,14968.0,16362.0,13427.0,14493.0,8378.0,7337.0,7382.0,8033.0
435,-2988,1281,-3207,-4023,-2600,-11537,dire,17917.0,21141.0,15312.0,15409.0,11041.0,14033.0,8362.0,13021.0,6351.0,9072.0
436,-1130,1246,-304,-1409,-1674,-3271,dire,18145.0,19075.0,15714.0,14374.0,12386.0,12599.0,7989.0,9298.0,6685.0,8060.0
437,-2781,-6001,-1654,-912,-1611,-12959,dire,19930.0,22473.0,17375.0,23810.0,13973.0,15471.0,10155.0,11170.0,8291.0,9607.0
438,132,2241,3058,-170,579,5840,radiant,18830.0,18639.0,17023.0,14521.0,14256.0,11576.0,7810.0,7995.0,7082.0,6529.0
439,-9839,-5978,310,33,-3208,-18682,dire,16279.0,25084.0,15007.0,20716.0,14977.0,14289.0,9671.0,9685.0,6535.0,9365.0
440,-3411,1289,3404,2795,-919,3158,radiant,20841.0,26076.0,20782.0,20067.0,16824.0,14075.0,13402.0,10690.0,8050.0,9071.0
441,-1051,-7619,-3305,-1393,-3722,-17090,dire,15062.0,17277.0,9944.0,17829.0,9953.0,13841.0,8584.0,10039.0,5896.0,9254.0
442,793,2818,3398,1020,4251,12280,radiant,19248.0,18633.0,16425.0,13595.0,15532.0,11586.0,10021.0,9514.0,10301.0,6573.0
443,1217,-1995,-3205,-3744,-2176,-9903,radiant,18447.0,18759.0,15010.0,17488.0,12713.0,16670.0,8212.0,12634.0,7445.0,10063.0
444,-1557,-4137,-450,-1325,-3127,-10596,dire,17707.0,19545.0,13546.0,17800.0,12597.0,12808.0,9318.0,10539.0,6011.0,8866.0
445,-4370,-3539,-2662,-1215,-1656,-13442,dire,15299.0,20340.0,13840.0,17267.0,13759.0,16607.0,8633.0,10278.0,7317.0,9246.0
446,-2425,4297,1459,-1073,147,2405,radiant,17570.0,19153.0,18442.0,13406.0,14440.0,12157.0,10128.0,10894.0,7873.0,7356.0
447,754,-5202,-7446,-1399,-1390,-14683,dire,18353.0,17572.0,12045.0,16569.0,11422.0,17968.0,9130.0,10444.0,9307.0,9914.0
448,-3047,332,1839,178,639,-59,dire,19832.0,22557.0,14892.0,14640.0,14509.0,13329.0,8395.0,8258.0,8078.0,7406.0
449,6330,6106,6557,943,2357,22293,radiant,19254.0,12708.0,18290.0,12322.0,17684.0,11275.0,10786.0,9763.0,9641.0,7087.0
450,-3771,1673,3769,-1401,-2160,-1890,dire,17038.0,19377.0,15354.0,13458.0,19311.0,14630.0,12879.0,13935.0,7907.0,9519.0
451,-736,450,-2507,675,2518,400,dire,18441.0,19285.0,15280.0,14642.0,11389.0,13574.0,10215.0,9608.0,10343.0,7675.0
452,697,3022,4575,-224,-1170,6900,radiant,17004.0,15683.0,17629.0,14602.0,17758.0,12914.0,9835.0,9343.0,8916.0,9968.0
453,702,-3946,-1438,-4075,-3665,-12422,dire,20260.0,19084.0,13182.0,16535.0,13319.0,14432.0,7774.0,11749.0,6895.0,10265.0
454,-6234,-1013,-2381,-513,-2767,-12908,dire,16785.0,22977.0,14430.0,15105.0,11504.0,14031.0,8333.0,8848.0,6467.0,9364.0
455,-2024,1305,52,512,-1834,-1989,radiant,16611.0,18345.0,16916.0,15503.0,11713.0,11171.0,10174.0,9240.0,6521.0,8418.0
456,-2021,-5427,-5952,-4395,-3870,-21665,dire,15018.0,16503.0,11344.0,16153.0,9352.0,14889.0,7740.0,11811.0,5516.0,9152.0
457,-2812,6,2492,985,1687,2358,radiant,16677.0,18531.0,15238.0,15116.0,17170.0,14178.0,12467.0,10822.0,10239.0,8258.0
458,-1263,-2806,-1719,3577,1010,-1201,dire,15528.0,16726.0,13337.0,16736.0,13186.0,14339.0,10289.0,7270.0,7833.0,7214.0
459,3214,-349,2417,-2944,-349,1989,radiant,16994.0,13691.0,12636.0,12204.0,14999.0,12389.0,7980.0,10863.0,7756.0,7504.0
460,5325,1617,1986,404,722,10054,radiant,20999.0,15379.0,19410.0,18148.0,15771.0,12986.0,8486.0,7699.0,7871.0,7065.0
461,-5446,-2096,-177,-1072,-1181,-9972,dire,17852.0,22431.0,13771.0,15945.0,12837.0,13246.0,9600.0,10210.0,7386.0,8559.0
462,-2922,-1960,722,3695,3904,3439,radiant,18325.0,20314.0,16752.0,18098.0,15115.0,13438.0,10967.0,7049.0,11271.0,6685.0
463,-506,3610,2010,2909,2389,10412,radiant,16494.0,17351.0,17138.0,13554.0,15500.0,12921.0,12851.0,10311.0,10232.0,8042.0
464,10841,5171,2805,3339,2382,24538,radiant,24960.0,14510.0,17388.0,12538.0,14812.0,12125.0,11303.0,7738.0,8443.0,6347.0
465,-3542,-3831,-1125,3278,1677,-3543,dire,15200.0,19476.0,13602.0,18408.0,13639.0,14821.0,12325.0,9545.0,10949.0,9556.0
466,-5158,-2655,-1897,-2465,-2241,-14416,dire,16753.0,20324.0,14166.0,16704.0,11729.0,13964.0,10617.0,12287.0,6835.0,9143.0
467,3836,2963,1463,4533,3388,16183,radiant,18424.0,15312.0,17102.0,14460.0,13885.0,12866.0,11312.0,6864.0,9163.0,6074.0
468,-5456,-2467,-5055,-2543,-3034,-18555,dire,17335.0,22961.0,15500.0,18078.0,12529.0,17552.0,9681.0,12496.0,6764.0,9340.0
469,3500,4600,6438,5481,5949,25968,radiant,21773.0,19296.0,20366.0,16608.0,18465.0,12385.0,11352.0,6142.0,11385.0,5918.0
470,7486,171,-3055,292,653,5547,radiant,20939.0,13951.0,13886.0,14024.0,11145.0,14626.0,8051.0,8243.0,8343.0,7743.0
471,1866,-3854,-1874,579,-2010,-5293,dire,19389.0,18300.0,14366.0,18160.0,13023.0,14903.0,10185.0,9653.0,7397.0,9346.0
472,-2697,-4060,4476,-1144,108,-3317,radiant,13716.0,16410.0,13272.0,17015.0,16001.0,11259.0,10624.0,11384.0,8314.0,8721.0
473,10670,8261,1711,1339,2246,24227,radiant,24097.0,14411.0,21151.0,14402.0,13792.0,13317.0,9447.0,8882.0,8899.0,7672.0
474,225,-1682,1141,807,-843,-352,dire,19915.0,19452.0,15969.0,18294.0,15882.0,14455.0,9737.0,8938.0,7921.0,8917.0
475,4200,4142,-747,1696,873,10164,radiant,21253.0,16937.0,19346.0,15281.0,13581.0,13815.0,11638.0,9402.0,9437.0,8936.0
476,-1525,-6782,-1565,-3272,-4487,-17631,dire,19138.0,18747.0,14685.0,19751.0,14348.0,14581.0,10121.0,11978.0,6778.0,9971.0
477,-4607,-494,-1314,-132,-1391,-7938,dire,16457.0,20191.0,16278.0,16032.0,15053.0,14872.0,9938.0,9179.0,7855.0,8534.0
478,-1929,20,3629,-6475,-5616,-10371,radiant,19216.0,20582.0,14669.0,15604.0,15070.0,12163.0,10332.0,16928.0,6281.0,11735.0
479,-3015,448,5171,1691,1465,5760,radiant,17200.0,21837.0,14994.0,14676.0,14242.0,9729.0,12310.0,10878.0,8940.0,7624.0
480,-1566,-4302,-2603,198,-1629,-9902,dire,17064.0,18129.0,14192.0,18324.0,14104.0,16275.0,10018.0,9791.0,7987.0,8939.0
481,-1450,-892,-1839,-734,1184,-3731,radiant,16258.0,18534.0,13362.0,13830.0,12357.0,13613.0,8777.0,9966.0,9043.0,7832.0
482,-4028,-2775,-2658,-5956,-3503,-18920,dire,15826.0,19572.0,14205.0,16941.0,13785.0,16361.0,7060.0,13401.0,6933.0,10634.0
483,-9495,-3942,-4087,-3560,-5821,-26905,dire,14010.0,24832.0,13298.0,16884.0,12796.0,17437.0,9436.0,12717.0,6712.0,12932.0
484,-5672,-5123,-2408,-3019,-2999,-19221,dire,14355.0,19109.0,12886.0,17916.0,13348.0,15322.0,7876.0,10813.0,7309.0,10153.0
485,1666,736,5950,1692,1686,11730,radiant,22394.0,21152.0,18279.0,17572.0,16555.0,10483.0,9235.0,7249.0,8669.0,6953.0
486,-2595,-4606,1388,-2156,566,-7403,dire,18128.0,20526.0,16177.0,21009.0,15516.0,14553.0,8806.0,10931.0,8762.0,8341.0
487,4127,-648,-2114,-195,-1971,-801,radiant,16951.0,13161.0,14727.0,15156.0,11616.0,13995.0,7927.0,8295.0,6689.0,8397.0
488,-2633,2532,5222,-781,-427,3913,radiant,14952.0,18546.0,13352.0,11713.0,16235.0,11380.0,8428.0,9460.0,7016.0,7829.0
489,-3447,-1386,291,1010,257,-3275,dire,19887.0,22767.0,16783.0,18297.0,15382.0,14862.0,11371.0,10485.0,10903.0,10796.0
490,1840,-1206,-4572,-3852,-3647,-11437,dire,16614.0,15308.0,15994.0,17001.0,12124.0,16426.0,8096.0,11442.0,6905.0,10334.0
491,-4660,1427,1469,1336,3113,2685,radiant,16513.0,21956.0,17525.0,16417.0,16574.0,15115.0,11662.0,10106.0,11701.0,8468.0
492,-3679,-3532,-4402,713,-1816,-12716,radiant,17425.0,21581.0,14164.0,18258.0,13459.0,17676.0,11183.0,10487.0,7985.0,9785.0
493,1335,2424,3400,286,1498,8943,radiant,18562.0,17681.0,19378.0,16507.0,18063.0,15460.0,12386.0,12423.0,9584.0,8653.0
494,-3184,-1019,2746,-3066,-3337,-7860,dire,19025.0,20938.0,17345.0,18398.0,16835.0,13848.0,8301.0,10935.0,6399.0,9001.0
495,-248,3788,2205,-2648,3424,6521,radiant,22521.0,22550.0,18713.0,15277.0,14108.0,12543.0,9936.0,12737.0,9164.0,5942.0
496,-2307,-2060,-1178,-2252,-553,-8350,radiant,18314.0,21753.0,12479.0,14601.0,12961.0,14548.0,10934.0,13119.0,7661.0,8597.0
497,-7966,-2716,-4415,823,-1589,-15863,dire,15607.0,23607.0,15130.0,17746.0,11779.0,15806.0,9646.0,9033.0,6877.0,8702.0
498,-1277,738,-976,-796,-190,-2501,dire,20446.0,21862.0,15291.0,13997.0,13195.0,13856.0,7586.0,8265.0,6998.0,6818.0
499,-1524,4655,-2936,2549,1216,3960,radiant,18407.0,21034.0,20667.0,16289.0,12817.0,15694.0,9483.0,6842.0,7901.0,6567.0
500,4508,-3267,-1861,-3122,-4629,-8371,dire,24807.0,19559.0,14757.0,17692.0,15359.0,17005.0,8973.0,12016.0,6304.0,10656.0
501,-2721,5235,146,1460,1992,6112,dire,18337.0,21582.0,17996.0,12719.0,13593.0,14137.0,9747.0,8918.0,8979.0,7405.0
502,-5398,-1003,4228,-611,1842,-942,dire,19401.0,23500.0,16651.0,17006.0,16604.0,11776.0,8879.0,9020.0,8848.0,6613.0
503,832,3642,3403,-477,-17,7383,radiant,19255.0,19247.0,15887.0,12535.0,14847.0,12264.0,8038.0,8549.0,7666.0,7940.0
504,-826,4175,-1391,103,1776,3837,dire,16406.0,17636.0,16717.0,13636.0,11822.0,13507.0,11227.0,11622.0,8623.0,7418.0
505,-3211,-2266,-578,-60,-585,-6700,dire,15982.0,18727.0,16124.0,18386.0,14949.0,15310.0,8908.0,8948.0,7613.0,7893.0
506,-5108,-2646,-2156,-1290,-2671,-13871,dire,15285.0,19981.0,14306.0,16763.0,12728.0,14659.0,9651.0,10656.0,6827.0,9948.0
507,-4750,-4988,1529,3688,3612,-909,radiant,15425.0,20087.0,12052.0,17199.0,13956.0,12175.0,13755.0,9403.0,9575.0,6067.0
508,656,-4806,1501,-1233,-2053,-5935,radiant,17019.0,16552.0,12824.0,17354.0,15343.0,13726.0,8811.0,9392.0,6840.0,8710.0
509,-6925,-2531,98,-1846,-1676,-12880,dire,13451.0,20075.0,12512.0,14886.0,13409.0,13567.0,9288.0,10971.0,7270.0,9068.0
510,-3696,-826,-470,-740,-876,-6608,dire,18794.0,20957.0,13366.0,13375.0,11024.0,11556.0,7181.0,8329.0,6194.0,7129.0
511,6979,5175,-281,-196,1326,13003,radiant,20261.0,13565.0,17557.0,12561.0,12437.0,13095.0,8837.0,9250.0,8336.0,7003.0
512,-4595,-2603,-5886,-1972,-3521,-18577,dire,15562.0,20102.0,14355.0,17615.0,10196.0,16125.0,8165.0,10058.0,6523.0,9928.0
513,-9654,-4904,-2204,-1160,-1139,-19061,dire,13710.0,24161.0,12934.0,17626.0,12328.0,14733.0,8061.0,9457.0,7050.0,8437.0
514,-11087,-7652,-4119,-1274,-2347,-26479,dire,14022.0,23425.0,12041.0,18771.0,11446.0,14674.0,8759.0,8786.0,7126.0,8924.0
515,5254,3172,-2544,-1726,1404,5560,dire,24092.0,19406.0,15828.0,12984.0,10972.0,13475.0,9522.0,11045.0,8832.0,7439.0
516,2942,-4925,-5520,-1314,-984,-9801,radiant,22285.0,19100.0,15207.0,19563.0,12467.0,17132.0,9664.0,10717.0,7432.0,8563.0
517,-722,-3912,-2239,-447,-2194,-9514,radiant,17514.0,18631.0,13535.0,17970.0,11897.0,14193.0,10326.0,10710.0,9711.0,12153.0
518,3749,2222,5061,158,3516,14706,radiant,19962.0,17636.0,15130.0,13446.0,16209.0,11485.0,9354.0,9816.0,9804.0,6606.0
519,-797,618,3403,1085,1540,5849,radiant,14374.0,15464.0,13050.0,12806.0,14579.0,11215.0,10675.0,9779.0,9290.0,7878.0
520,6125,472,2358,3154,1689,13798,radiant,21110.0,14440.0,15074.0,14396.0,14935.0,12379.0,9521.0,6757.0,7754.0,6143.0
521,4184,5725,2161,5138,6372,23580,radiant,20008.0,17554.0,17913.0,13092.0,15243.0,13005.0,12550.0,7703.0,12109.0,5785.0
522,-6651,-3741,-782,-1149,-625,-12948,dire,15058.0,20786.0,13228.0,16689.0,12691.0,13120.0,8224.0,9098.0,9220.0,9476.0
523,-803,-600,1380,-4866,-2232,-7121,dire,15602.0,17290.0,15607.0,16654.0,13735.0,12380.0,8247.0,13167.0,8080.0,10525.0
524,128,2093,3366,-2067,-2937,583,radiant,16398.0,16729.0,17266.0,15336.0,15626.0,12432.0,8442.0,10810.0,6720.0,9465.0
525,-4426,3445,2072,-491,928,1528,radiant,17620.0,21504.0,15736.0,12269.0,15676.0,13185.0,8452.0,8916.0,7141.0,6148.0
526,-8152,-1854,-1949,-2901,-2860,-17716,dire,15305.0,22780.0,14722.0,16779.0,12901.0,15010.0,8046.0,11571.0,6479.0,9524.0
527,7304,2199,3513,1945,2014,16975,radiant,23891.0,17873.0,15204.0,14155.0,14285.0,12105.0,9626.0,8905.0,8965.0,7698.0
528,2287,2788,-930,4569,5143,13857,radiant,22309.0,20229.0,17983.0,15518.0,14226.0,15279.0,10485.0,6538.0,12085.0,6793.0
529,-347,1121,667,500,2460,4401,radiant,19016.0,19557.0,14766.0,13690.0,12781.0,12152.0,11062.0,10864.0,9051.0,7100.0
530,10210,4079,-172,-85,-2422,11610,radiant,25201.0,16144.0,18783.0,15309.0,13076.0,13563.0,8326.0,8911.0,6017.0,8805.0
531,-4503,896,-1584,-189,-4393,-9773,radiant,16177.0,20258.0,14761.0,14252.0,11867.0,13548.0,9355.0,9576.0,5821.0,10010.0
532,5883,2410,-986,-413,-1645,5249,radiant,21172.0,15805.0,15852.0,13443.0,12118.0,13267.0,11893.0,11876.0,9283.0,10505.0
533,2505,-1692,3935,2889,754,8391,dire,19609.0,16269.0,15557.0,16430.0,16693.0,12657.0,11558.0,8888.0,9133.0,8208.0
534,-3431,-1965,-517,316,-390,-5987,dire,15018.0,19355.0,13348.0,15589.0,13488.0,14020.0,9633.0,8931.0,8872.0,9632.0
535,-6755,-2639,53,-4957,-2573,-16871,dire,14280.0,20843.0,13146.0,15782.0,14100.0,14067.0,7311.0,12358.0,6701.0,9591.0
536,3377,1606,6021,-4544,669,7129,radiant,18612.0,15080.0,16153.0,14366.0,15045.0,9111.0,8483.0,12614.0,7515.0,7001.0
537,3771,-3263,617,1423,288,2836,radiant,22168.0,17944.0,14849.0,18104.0,13624.0,12899.0,8501.0,7055.0,7798.0,7614.0
538,6865,-3581,-2802,-3252,-1433,-4203,dire,22181.0,16219.0,14501.0,18332.0,13107.0,15802.0,7047.0,10289.0,6862.0,8259.0
539,-694,913,775,-1964,-1210,-2180,dire,20163.0,20689.0,18229.0,16718.0,14158.0,12411.0,9104.0,10094.0,9118.0,10130.0
540,4807,7339,536,120,582,13384,radiant,22967.0,18290.0,23947.0,15866.0,14882.0,14678.0,8275.0,8812.0,5611.0,5761.0
541,-5744,-5175,-2367,-6679,-3894,-23859,dire,17445.0,21521.0,15426.0,18429.0,14894.0,16440.0,6915.0,13242.0,4998.0,8760.0
542,2673,-446,-170,-1132,2480,3405,dire,21401.0,19541.0,15797.0,16518.0,15109.0,15691.0,13145.0,14533.0,13339.0,10754.0
543,1097,673,1188,3075,2687,8720,radiant,16509.0,15679.0,14070.0,13132.0,13575.0,12518.0,11144.0,8290.0,9503.0,6951.0
544,-3234,2392,4607,1386,2439,7590,radiant,17754.0,21262.0,16309.0,13631.0,16484.0,11773.0,8424.0,7045.0,8454.0,5944.0
545,2570,-326,-1393,463,547,1861,dire,18240.0,15925.0,14272.0,14578.0,13632.0,14558.0,8424.0,7843.0,7322.0,6574.0
546,-2498,-2450,-3414,-5013,-519,-13894,dire,15129.0,17797.0,11146.0,13939.0,12115.0,15072.0,6815.0,11983.0,7046.0,7413.0
547,-4243,-1655,-663,2388,-975,-5148,dire,17559.0,22370.0,15653.0,17360.0,13299.0,13869.0,11575.0,8885.0,7293.0,8254.0
548,-5688,-1497,-1183,1950,-282,-6700,radiant,17028.0,22906.0,13262.0,15291.0,11303.0,12770.0,11176.0,9462.0,9049.0,9581.0
549,-3066,-3477,-5369,-572,-1442,-13926,dire,15455.0,18834.0,11808.0,15841.0,10372.0,16061.0,10582.0,11342.0,9499.0,10790.0
550,5432,878,4183,-553,-743,9197,radiant,21705.0,15342.0,16024.0,15172.0,17254.0,11882.0,11990.0,11850.0,9767.0,10293.0
551,-2273,-1572,1610,-1787,-1478,-5500,dire,16067.0,18789.0,16996.0,18319.0,14171.0,12178.0,9610.0,11260.0,7554.0,8856.0
552,-5941,-2587,-4212,-1668,-2146,-16554,dire,16314.0,21138.0,15191.0,18310.0,11144.0,15346.0,10754.0,13678.0,7910.0,10671.0
553,-3696,-2737,-3785,-638,-1750,-12606,dire,16112.0,20595.0,14045.0,16783.0,13240.0,16287.0,9112.0,9185.0,7081.0,9120.0
554,3354,-2334,110,1571,260,2961,dire,19020.0,15784.0,14236.0,15386.0,13857.0,13456.0,9389.0,7774.0,8114.0,7844.0
555,2886,2325,3004,3511,4222,15948,radiant,19310.0,17398.0,15915.0,13716.0,16268.0,12820.0,11542.0,7871.0,10819.0,6566.0
556,4427,396,-3123,-4049,-2402,-4751,dire,20748.0,16696.0,16332.0,16113.0,12498.0,15651.0,6236.0,10363.0,6582.0,8985.0
557,-3851,-403,-31,-2812,-4623,-11720,dire,18094.0,21607.0,14720.0,14939.0,14237.0,13576.0,7272.0,9322.0,6064.0,10144.0
558,-5532,-1571,-704,-1907,1268,-8446,dire,20121.0,25367.0,14748.0,16435.0,14846.0,16069.0,7945.0,9565.0,8119.0,6668.0
559,-1482,2567,-29,515,-1750,-179,radiant,20273.0,22059.0,16148.0,13271.0,12134.0,12547.0,9107.0,8486.0,5438.0,7090.0
560,-4247,-1349,-2368,-3348,1965,-9347,dire,15762.0,20533.0,15017.0,16578.0,12106.0,14355.0,8391.0,11833.0,10067.0,8140.0
561,4630,2398,3143,2713,-2260,10624,radiant,19534.0,15297.0,16723.0,14170.0,15264.0,11368.0,12440.0,9754.0,7400.0,10065.0
562,6983,4100,3811,3123,2354,20371,radiant,22439.0,15158.0,16952.0,12945.0,15508.0,12100.0,10914.0,8247.0,9201.0,6925.0
563,-7759,-3634,-4616,-3281,-3775,-23065,dire,13198.0,20555.0,12682.0,16337.0,10362.0,14291.0,8025.0,10979.0,7008.0,10065.0
564,-7753,-2797,-890,-6522,-4592,-22554,dire,15490.0,22430.0,16294.0,18477.0,14755.0,15383.0,8045.0,14076.0,7714.0,11679.0
565,-1407,-3040,-1775,-129,-924,-7275,radiant,17789.0,19885.0,14874.0,18749.0,13523.0,15562.0,8011.0,8784.0,7608.0,8478.0
566,-2585,-6739,-511,-3699,-4438,-17972,dire,16682.0,19399.0,11780.0,18819.0,13175.0,13219.0,8954.0,12557.0,6248.0,10787.0
567,-5534,-4733,-1465,-1949,-2909,-16590,dire,15879.0,21516.0,13334.0,18129.0,12970.0,14792.0,6854.0,8701.0,5590.0,8512.0
568,539,10,-3019,-2328,-1504,-6302,dire,18141.0,17395.0,17021.0,16936.0,12319.0,15708.0,6616.0,8810.0,6404.0,7772.0
569,-4485,857,186,-1448,1190,-3700,dire,17618.0,21780.0,14620.0,13630.0,13515.0,13207.0,8073.0,9513.0,7963.0,6595.0
570,-1817,-2800,-644,-4012,-2949,-12222,dire,18012.0,19772.0,15055.0,17687.0,14348.0,15232.0,7272.0,11007.0,6286.0,9358.0
571,-2406,-1866,1149,-198,-1189,-4510,radiant,15717.0,18475.0,13780.0,15129.0,14404.0,12718.0,9396.0,9335.0,6870.0,7259.0
572,268,-990,1791,-80,-1236,-247,radiant,21584.0,21141.0,14368.0,15184.0,14009.0,11682.0,8939.0,8903.0,7356.0,8498.0
573,-8863,-1019,-822,-1786,-3963,-16453,dire,15323.0,23652.0,16210.0,16777.0,13652.0,14127.0,9323.0,10935.0,7028.0,10699.0
574,-3264,-3983,-3109,-2720,819,-12257,dire,13630.0,16301.0,12762.0,16529.0,12778.0,15835.0,11099.0,13619.0,8172.0,6979.0
575,3468,1991,2061,-1628,-351,5541,radiant,17960.0,14121.0,16748.0,14318.0,13689.0,11279.0,9264.0,10815.0,7861.0,8003.0
576,1790,-2479,316,-111,-13,-497,dire,19557.0,18012.0,14195.0,17118.0,13836.0,14528.0,7946.0,8504.0,8077.0,8130.0
577,2710,-276,2673,5189,1214,11510,dire,17420.0,15598.0,12182.0,13082.0,13826.0,11899.0,13058.0,8222.0,9013.0,8514.0
578,4707,731,2815,807,-2626,6434,dire,24355.0,19639.0,16091.0,15526.0,13106.0,10960.0,11217.0,10673.0,6493.0,9404.0
579,-2675,-329,-2199,4365,-1576,-2414,dire,15611.0,18843.0,15241.0,15656.0,14903.0,17058.0,13407.0,10136.0,8136.0,10202.0
580,-3108,1276,59,724,-464,-1513,dire,16659.0,19783.0,17279.0,16116.0,15315.0,15231.0,9034.0,8360.0,7314.0,7976.0
581,2008,-147,-1111,-437,3142,3455,radiant,22334.0,19594.0,17359.0,17430.0,14840.0,16145.0,11759.0,11742.0,9854.0,6767.0
582,-1583,2045,3550,-4085,-2985,-3058,dire,15002.0,17098.0,15134.0,13158.0,15499.0,12456.0,7808.0,12320.0,8403.0,11706.0
583,3229,2390,4472,1053,2049,13193,radiant,21339.0,18004.0,16648.0,14795.0,16076.0,11661.0,10184.0,9422.0,8174.0,6341.0
584,-3744,-2078,-5040,1028,2152,-7682,dire,15517.0,20089.0,15890.0,18007.0,11921.0,17187.0,10766.0,9541.0,9041.0,7442.0
585,3806,6201,1221,3107,2153,16488,radiant,22550.0,17357.0,18732.0,12380.0,14364.0,12131.0,11928.0,8441.0,8526.0,6277.0
586,949,1644,3965,-2340,1264,5482,dire,17717.0,16590.0,16621.0,15192.0,16306.0,12427.0,10452.0,13242.0,9491.0,8497.0
587,-937,-806,-1475,1698,-2341,-3861,radiant,16010.0,17406.0,15539.0,16309.0,14117.0,15217.0,12051.0,10042.0,8766.0,11017.0
588,2291,2062,3195,-482,-298,6768,radiant,19295.0,17355.0,13847.0,12578.0,14299.0,11151.0,7151.0,8183.0,7016.0,7156.0
589,-1419,-6791,-1101,-2002,-5891,-17204,dire,19867.0,21079.0,12677.0,18897.0,12557.0,13934.0,9647.0,12121.0,6223.0,12370.0
590,-5342,-10521,-4883,-3047,-3075,-26868,dire,14962.0,20271.0,9694.0,20174.0,8543.0,13732.0,8041.0,11128.0,6504.0,9599.0
591,-5425,-5944,-3586,-1403,-1729,-18087,dire,13836.0,19509.0,12778.0,18541.0,11687.0,14734.0,8837.0,10180.0,7914.0,9574.0
592,-6758,1772,-1254,-3027,-3287,-12554,dire,14010.0,20194.0,13200.0,9989.0,10706.0,11169.0,6539.0,9413.0,5217.0,8246.0
593,-1605,-2373,-2611,-1849,-3574,-12012,dire,15198.0,17412.0,12422.0,15437.0,14360.0,16645.0,8797.0,10852.0,6298.0,9795.0
594,-579,-2913,-2983,283,-1207,-7399,dire,16312.0,17066.0,13690.0,16784.0,12367.0,15684.0,9457.0,9347.0,7177.0,8649.0
595,-613,990,-2913,1064,2888,1416,dire,19908.0,19640.0,16079.0,15119.0,13011.0,15747.0,10651.0,9324.0,9383.0,6159.0
596,1509,4274,-4248,4431,22,5988,dire,20095.0,19789.0,16764.0,13134.0,9731.0,13915.0,11948.0,7760.0,7383.0,7661.0
597,5487,4393,2054,4669,3504,20107,radiant,22135.0,16790.0,17442.0,13147.0,14819.0,13048.0,12904.0,8286.0,10733.0,7230.0
598,-4126,-3454,-5546,-3243,-3130,-19499,dire,13600.0,17763.0,12525.0,16238.0,10485.0,15866.0,7029.0,10319.0,6847.0,9884.0
599,5588,2274,3713,-1295,521,10801,radiant,19295.0,13787.0,16734.0,14751.0,16812.0,12966.0,7095.0,8320.0,6922.0,5936.0
600,4541,-97,2185,2838,776,10243,radiant,19814.0,15829.0,14506.0,14626.0,14299.0,11812.0,12103.0,9618.0,10109.0,8907.0
601,-2211,-3949,-5268,-23,-1819,-13270,dire,18980.0,21206.0,14828.0,18798.0,9853.0,15167.0,9878.0,9928.0,8245.0,9990.0
602,-3408,-1118,403,-1928,-444,-6495,dire,14619.0,18675.0,15015.0,17024.0,11703.0,12345.0,7628.0,9826.0,6728.0,7801.0
603,1031,-1598,-1773,1245,-2837,-3932,dire,16554.0,15715.0,15693.0,16895.0,13616.0,15363.0,9454.0,8187.0,5635.0,8649.0
604,3792,2753,340,5976,214,13075,radiant,17068.0,13263.0,16451.0,13770.0,13016.0,13137.0,13156.0,7836.0,7628.0,7781.0
605,3603,2243,2595,5468,3470,17379,radiant,18588.0,15731.0,16337.0,14571.0,15180.0,12558.0,11996.0,7479.0,10136.0,7112.0
606,-3667,17,4130,1970,181,2631,dire,18878.0,22157.0,16315.0,17337.0,16692.0,12914.0,10055.0,8839.0,7537.0,7404.0
607,-5784,-1209,561,-3576,-361,-10369,dire,17041.0,22532.0,15857.0,16897.0,16808.0,16889.0,7485.0,11230.0,7327.0,8389.0
608,-248,-2179,-595,2574,2124,1676,dire,16828.0,16975.0,14792.0,16958.0,14270.0,15057.0,8650.0,5997.0,7682.0,5542.0
609,-2651,-4723,-4492,-3485,-3776,-19127,dire,15792.0,17897.0,12383.0,16437.0,12172.0,15863.0,7631.0,10118.0,6803.0,10219.0
610,2194,1103,-261,490,1409,4935,radiant,20463.0,17978.0,15564.0,14956.0,13056.0,13643.0,8144.0,7645.0,7949.0,6848.0
611,1278,554,-3233,22,-2279,-3658,dire,17579.0,15618.0,14790.0,13981.0,10820.0,13890.0,10722.0,10386.0,7970.0,10082.0
612,551,-337,1357,317,-171,1717,dire,18548.0,17648.0,14945.0,15575.0,15436.0,14404.0,11614.0,11502.0,8306.0,8275.0
613,-2262,-800,-1249,-1420,-2739,-8470,dire,21399.0,23267.0,14678.0,15067.0,14243.0,15319.0,9454.0,10725.0,6999.0,9466.0
614,1075,4398,3077,-183,689,9056,radiant,17815.0,16744.0,17194.0,12936.0,15821.0,12868.0,11167.0,11121.0,9960.0,9304.0
615,-2262,-3621,-1771,-787,1574,-6867,radiant,15593.0,17302.0,12676.0,15790.0,13564.0,14964.0,9801.0,10354.0,9516.0,7689.0
616,3754,3354,3852,978,1912,13850,radiant,19448.0,16666.0,17700.0,15077.0,17762.0,14084.0,9132.0,8351.0,7786.0,6145.0
617,-4486,-3654,-3363,-1748,-2299,-15550,dire,15638.0,19514.0,13344.0,16478.0,12422.0,15341.0,7821.0,9372.0,6105.0,8256.0
618,-2701,-5592,-3475,-2033,-1339,-15140,dire,16400.0,19643.0,12839.0,18559.0,11539.0,15491.0,10817.0,12965.0,8165.0,9642.0
619,833,7,42,-677,-2360,-2155,dire,19167.0,18447.0,14188.0,13998.0,13585.0,13468.0,7663.0,8049.0,6433.0,8723.0
620,960,1873,2675,-4191,-883,434,radiant,16019.0,16089.0,16889.0,15551.0,17085.0,14535.0,9250.0,14577.0,10454.0,11408.0
621,-3535,-1360,-1431,-5010,-416,-11752,dire,14600.0,18385.0,13383.0,15371.0,11444.0,12554.0,7349.0,12218.0,8094.0,8465.0
622,-3516,161,2045,493,-712,-1529,dire,16528.0,19926.0,15525.0,15819.0,15699.0,13497.0,11825.0,11446.0,9824.0,10390.0
623,2522,-1497,-3347,3114,-1131,-339,radiant,21826.0,19114.0,13755.0,15081.0,12547.0,15625.0,14165.0,12022.0,9283.0,10451.0
624,-2826,2744,461,1270,2723,4372,radiant,16196.0,18847.0,16742.0,14087.0,12881.0,12415.0,9420.0,8598.0,9582.0,6461.0
625,-1242,-2909,-1058,-1984,-1953,-9146,dire,16671.0,18593.0,12006.0,15237.0,11701.0,12813.0,7369.0,9566.0,6172.0,8250.0
626,-4398,-1579,-2213,58,-1121,-9253,dire,18240.0,22503.0,17367.0,19659.0,14669.0,17222.0,10362.0,10033.0,6819.0,8125.0
627,-151,-1250,1858,-1661,3467,2263,dire,19035.0,19384.0,17081.0,18786.0,16558.0,14396.0,10455.0,12249.0,10288.0,6694.0
628,-1678,-3529,-3312,-3660,-1919,-14098,dire,18195.0,18980.0,14448.0,17437.0,11865.0,15098.0,7188.0,9956.0,7528.0,8952.0
629,4651,2919,5082,1527,-2475,11704,radiant,19786.0,16196.0,17574.0,14421.0,16305.0,11239.0,10195.0,9186.0,8006.0,10814.0
630,-3895,-943,-2647,-7016,-5850,-20351,dire,15291.0,18744.0,12257.0,13064.0,10738.0,13073.0,6869.0,13037.0,5513.0,10531.0
631,953,2629,-930,3490,1157,7299,dire,17526.0,15848.0,18600.0,14202.0,13499.0,14288.0,13478.0,8445.0,10811.0,7989.0
632,4088,750,2349,1497,2181,10865,radiant,20971.0,16477.0,16247.0,15606.0,12254.0,10395.0,9325.0,8567.0,8873.0,6225.0
633,-4791,-5433,-4177,-2143,-1734,-18278,dire,17378.0,22275.0,13908.0,19404.0,11048.0,15557.0,7755.0,9852.0,6384.0,8298.0
634,-4006,-4214,-4214,502,658,-11274,dire,14641.0,18699.0,14949.0,19281.0,13784.0,17664.0,10005.0,9183.0,9926.0,9210.0
635,-6721,-1532,-3499,-2016,-3982,-17750,dire,16493.0,24057.0,15732.0,18614.0,11224.0,14911.0,6314.0,8968.0,5401.0,9539.0
636,754,-3246,1858,-1244,-1216,-3094,dire,16680.0,15459.0,14182.0,17123.0,14671.0,12987.0,8926.0,10538.0,6449.0,7770.0
637,-5643,-5165,-6118,-4400,-3136,-24462,dire,13501.0,18275.0,13161.0,16700.0,9059.0,14249.0,7279.0,10319.0,6192.0,8230.0
638,3196,-4535,-3364,3962,1951,1210,dire,18190.0,15127.0,14470.0,19888.0,8837.0,12217.0,9593.0,5947.0,8232.0,6223.0
639,3235,1619,1110,3452,2583,11999,radiant,17301.0,14683.0,15914.0,14829.0,14774.0,14457.0,12993.0,10273.0,9963.0,8318.0
640,-5402,-1149,-832,462,-641,-7562,dire,15104.0,21141.0,15242.0,17239.0,13147.0,13516.0,8024.0,7994.0,6778.0,7426.0
641,9908,1576,3539,2935,4904,22862,radiant,24226.0,14976.0,15680.0,14737.0,16481.0,12717.0,10342.0,7668.0,10610.0,5762.0
642,-8618,-477,-2927,-3816,-2539,-18377,dire,15442.0,24438.0,13665.0,14065.0,11881.0,14361.0,8030.0,12122.0,8049.0,10592.0
643,-761,514,-577,5229,3098,7503,radiant,18586.0,18917.0,16433.0,15455.0,14813.0,15611.0,12524.0,7325.0,9663.0,6448.0
644,-4902,-1299,4190,1223,1086,298,dire,14683.0,19455.0,16533.0,17610.0,14105.0,10103.0,10920.0,9209.0,7798.0,6734.0
645,-1429,-1836,-3509,-2093,-834,-9701,dire,19641.0,19575.0,15804.0,17133.0,11410.0,14202.0,10180.0,11963.0,8267.0,9043.0
646,8819,1160,-1006,-4288,1051,5736,radiant,24301.0,15198.0,15535.0,13984.0,11319.0,12100.0,9380.0,13381.0,9039.0,7621.0
647,-4808,-3002,-5385,3545,192,-9458,dire,13163.0,17607.0,13211.0,15237.0,8368.0,13060.0,12731.0,9063.0,9094.0,8752.0
648,4902,3229,5515,6731,6056,26433,radiant,20261.0,15579.0,17123.0,13971.0,16471.0,11285.0,15607.0,8840.0,12328.0,6727.0
649,-2610,24,1694,483,749,340,radiant,16872.0,20537.0,16064.0,16536.0,14760.0,13644.0,10623.0,11481.0,9158.0,8162.0
650,105,-627,90,3094,1984,4646,radiant,16420.0,16603.0,16842.0,17231.0,12953.0,13125.0,11364.0,8153.0,8814.0,6655.0
651,-2197,2559,1607,-1172,2940,3737,radiant,15557.0,17757.0,15420.0,13257.0,15449.0,13653.0,7708.0,9349.0,9986.0,7560.0
652,1878,5451,3949,4046,2631,17955,radiant,19523.0,19130.0,19063.0,14189.0,15379.0,12858.0,11020.0,7895.0,8958.0,7257.0
653,8733,4817,2644,516,997,17707,radiant,23665.0,14129.0,18867.0,14201.0,16347.0,13645.0,8857.0,8812.0,9001.0,7924.0
654,2039,2063,5184,2725,1550,13561,radiant,19921.0,18736.0,16659.0,14548.0,18068.0,13172.0,10276.0,7896.0,9290.0,7884.0
655,-1667,-2713,4023,331,-510,-536,radiant,15769.0,18531.0,15623.0,18451.0,15361.0,11972.0,8181.0,7905.0,8159.0,8910.0
656,-2602,-3918,-5283,-4173,-1582,-17558,dire,16700.0,18563.0,13649.0,16762.0,11770.0,17347.0,7397.0,10576.0,6853.0,8012.0
657,4925,697,3133,-304,400,8851,dire,22754.0,18892.0,14646.0,14421.0,14249.0,10990.0,10573.0,11109.0,11302.0,10879.0
658,-2555,792,-1341,-1445,-1755,-6304,dire,16723.0,18981.0,15307.0,15191.0,11026.0,12977.0,8424.0,9574.0,5908.0,8221.0
659,-8306,-7656,-7068,-1185,-2268,-26483,dire,16433.0,23738.0,14651.0,22301.0,9919.0,16764.0,8297.0,9009.0,7525.0,9440.0
660,-1099,-1144,-246,1961,1543,1015,dire,16188.0,16175.0,12693.0,13245.0,13972.0,12667.0,8493.0,6891.0,7873.0,5905.0
661,3027,6179,4693,3218,3180,20297,radiant,19640.0,16265.0,18301.0,11415.0,16243.0,11440.0,10757.0,7657.0,10857.0,7315.0
662,2522,-4995,-2832,1810,607,-2888,dire,20388.0,17207.0,13365.0,18651.0,10989.0,13626.0,12224.0,10675.0,9472.0,9018.0
663,-5018,-3892,-2278,-3316,-2326,-16830,dire,16134.0,20347.0,14513.0,18515.0,11748.0,14180.0,8021.0,11120.0,7447.0,9671.0
664,992,-1137,1938,337,-1438,692,radiant,20400.0,21476.0,16913.0,18547.0,15800.0,14376.0,8460.0,8672.0,7383.0,9318.0
665,-427,762,-1846,-2113,-1226,-4850,radiant,19776.0,20446.0,17267.0,16554.0,13960.0,16037.0,8895.0,11229.0,8394.0,9672.0
666,-640,275,-1766,-1785,-363,-4279,dire,17289.0,18661.0,17469.0,16531.0,12637.0,14602.0,7474.0,9900.0,7184.0,7804.0
