,rad_pos1_last_gold,rad_pos2_last_gold,rad_pos3_last_gold,rad_pos4_last_gold,rad_pos5_last_gold,dire_pos1_last_gold,dire_pos2_last_gold,dire_pos3_last_gold,dire_pos4_last_gold,dire_pos5_last_gold,pos1_diff,pos2_diff,pos3_diff,pos4_diff,pos5_diff,team_diff,winner
0,20421.0,22935.0,21138.0,9198.0,9234.0,23955.0,24436.0,18740.0,11479.0,11895.0,-2189,-2316,2078,-1717,-2322,-6466,radiant
1,31030.0,19346.0,17486.0,12266.0,11208.0,22915.0,19671.0,16291.0,12956.0,7082.0,8806,-815,1567,-748,4068,12878,radiant
2,27138.0,19210.0,14820.0,12456.0,10384.0,21784.0,18090.0,16327.0,15909.0,10587.0,4825,77,-2183,-4736,-1866,-3883,radiant
3,20956.0,18317.0,15076.0,9993.0,9366.0,19661.0,17416.0,17855.0,11179.0,9878.0,1183,1057,-2891,-1343,-542,-2536,dire
4,29373.0,20299.0,13955.0,13157.0,12114.0,22450.0,19395.0,14442.0,11236.0,9742.0,6318,1082,-432,1743,2612,11323,radiant
5,23773.0,20849.0,17565.0,15882.0,11189.0,18382.0,17060.0,15947.0,11118.0,9696.0,5129,3211,1271,4536,936,15083,radiant
6,21013.0,19941.0,15229.0,10717.0,10049.0,26586.0,16474.0,16513.0,12560.0,11774.0,-4275,1555,-1557,-1393,-1293,-6963,dire
7,20403.0,16833.0,14314.0,9966.0,7537.0,23115.0,18868.0,14632.0,12200.0,8876.0,-2613,-1231,196,-1987,-767,-6402,radiant
8,20398.0,19131.0,13916.0,10393.0,8440.0,20410.0,17725.0,17790.0,10091.0,7810.0,780,2059,-3081,492,568,818,dire
9,17667.0,17312.0,15817.0,11518.0,10380.0,28197.0,19798.0,16798.0,12465.0,11857.0,-10875,-2015,-1052,-988,-1844,-16774,dire
10,22499.0,17581.0,18672.0,15274.0,10551.0,25400.0,23189.0,19496.0,13473.0,11218.0,-1145,-3976,-392,3107,337,-2069,dire
11,19719.0,16737.0,14276.0,9833.0,9860.0,26498.0,21046.0,18124.0,11380.0,9017.0,-6343,-4379,-4133,-1702,551,-16006,dire
12,19933.0,17475.0,15413.0,12356.0,11381.0,20405.0,19704.0,18573.0,11705.0,10526.0,-3,-1362,-3379,965,1014,-2765,radiant
13,20376.0,16555.0,12936.0,9995.0,8754.0,25715.0,25101.0,20038.0,12880.0,11340.0,-5346,-8211,-6639,-2650,-2147,-24993,dire
14,20020.0,19763.0,15897.0,12020.0,10014.0,22317.0,16132.0,17354.0,9108.0,7916.0,-1806,3698,-430,3003,2576,7041,dire
15,22840.0,20551.0,18275.0,12275.0,9424.0,23017.0,23994.0,14697.0,9768.0,9229.0,-1296,-4460,2716,2118,-321,-1243,radiant
16,25024.0,17331.0,14233.0,15289.0,10462.0,20127.0,18903.0,15132.0,11187.0,9344.0,4877,-1924,-588,3860,778,7003,radiant
17,21890.0,13250.0,12772.0,11299.0,11092.0,24307.0,17507.0,15014.0,9684.0,10251.0,-1895,-4305,-2628,1623,640,-6565,dire
18,23574.0,20983.0,20507.0,11011.0,9363.0,17489.0,20000.0,12457.0,11794.0,10415.0,4024,1909,6232,-562,-1181,10422,radiant
19,24650.0,19129.0,15229.0,11495.0,11065.0,20434.0,20036.0,18135.0,11359.0,11366.0,3642,-642,-2912,107,-385,-190,dire
20,23291.0,18978.0,13825.0,9875.0,9298.0,23973.0,20731.0,14755.0,12566.0,11404.0,-956,-1536,-1022,-2483,-1878,-7875,radiant
21,21159.0,17929.0,11338.0,9273.0,7794.0,25909.0,19506.0,16155.0,10971.0,10659.0,-4979,-1196,-4651,-1431,-2695,-14952,dire
22,25722.0,16734.0,14125.0,11277.0,9345.0,23966.0,17895.0,18381.0,12617.0,11663.0,2028,-1535,-4099,-1326,-2620,-7552,radiant
23,16494.0,19756.0,16248.0,10999.0,14326.0,22255.0,22309.0,15678.0,13831.0,12917.0,-6125,-2192,506,-3063,1264,-9610,dire
24,19461.0,18678.0,17340.0,14220.0,9377.0,24009.0,22508.0,17762.0,14038.0,14053.0,-4146,-3981,-708,-250,-4841,-13926,dire
25,22194.0,17850.0,13319.0,10842.0,12694.0,24782.0,25457.0,17123.0,11409.0,8483.0,-3038,-7613,-4194,-527,4579,-10793,radiant
26,17464.0,15985.0,16727.0,7673.0,7091.0,23306.0,19879.0,19704.0,11337.0,8098.0,-5819,-4144,-2735,-3935,-1243,-17876,dire
27,24897.0,15992.0,14539.0,8775.0,8142.0,22976.0,21580.0,21066.0,12371.0,11280.0,2231,-5866,-7100,-3920,-3344,-17999,dire
28,20994.0,17880.0,16390.0,10245.0,6834.0,28148.0,21395.0,18192.0,14449.0,12962.0,-6139,-2908,-1442,-4111,-5948,-20548,dire
29,20745.0,17257.0,10346.0,8137.0,6812.0,18635.0,18788.0,13922.0,11324.0,9254.0,890,-2035,-3979,-3492,-2695,-11311,dire
30,26699.0,16372.0,15253.0,10779.0,9229.0,17089.0,18282.0,17340.0,10256.0,9872.0,9420,-1864,-2417,340,-569,4910,radiant
31,23031.0,20353.0,18982.0,10268.0,9776.0,27309.0,20342.0,15530.0,11800.0,11682.0,-4622,-247,3529,-1397,-1951,-4688,radiant
32,26491.0,20627.0,17895.0,10369.0,10587.0,21846.0,18906.0,16434.0,10186.0,8148.0,6239,2583,2307,885,3082,15096,radiant
33,18236.0,17527.0,16830.0,10203.0,9267.0,23195.0,22303.0,18193.0,17313.0,13061.0,-5461,-4404,-1062,-7077,-3713,-21717,dire
34,18397.0,17846.0,15488.0,15121.0,11070.0,23948.0,18141.0,18232.0,11621.0,11462.0,-6233,-756,-2893,2738,-236,-7380,dire
35,19575.0,19746.0,18489.0,12600.0,10473.0,22310.0,19116.0,16543.0,9412.0,8486.0,-2553,54,1980,2854,1990,4325,radiant
36,23397.0,19813.0,18959.0,10151.0,8458.0,25787.0,21877.0,18042.0,11627.0,11665.0,-2952,-2123,445,-1373,-3319,-9322,dire
37,24442.0,18782.0,14645.0,10668.0,8372.0,21346.0,14070.0,16820.0,13563.0,10318.0,4240,4940,-1675,-2238,-1560,3707,dire
38,18595.0,19053.0,14177.0,9725.0,7245.0,21737.0,18052.0,16288.0,14020.0,13914.0,-3938,1210,-1766,-4623,-6887,-16004,dire
39,18767.0,19324.0,15862.0,12045.0,11048.0,20411.0,20657.0,19008.0,12051.0,10564.0,-2044,-1543,-3372,-56,-138,-7153,dire
40,21163.0,18724.0,16579.0,8767.0,8657.0,22466.0,19211.0,18961.0,9955.0,8155.0,-1564,-564,-2202,-1112,493,-4949,radiant
41,31722.0,23088.0,17056.0,13599.0,12526.0,18788.0,18115.0,15526.0,10512.0,8535.0,9989,4465,1091,3302,3986,22833,radiant
42,18204.0,18331.0,16578.0,10505.0,6588.0,27087.0,18599.0,16964.0,10869.0,9802.0,-10052,-1250,-1421,-802,-3685,-17210,dire
43,26020.0,20941.0,19632.0,11733.0,10963.0,20338.0,19058.0,18591.0,10934.0,7969.0,5107,1635,796,848,2810,11196,radiant
44,21760.0,15396.0,15545.0,8781.0,8183.0,24812.0,15381.0,15076.0,10670.0,11148.0,-2873,-294,607,-2123,-3037,-7720,dire
45,18061.0,18444.0,17302.0,15508.0,9620.0,29250.0,22737.0,15976.0,12048.0,9992.0,-12375,-4845,1468,3504,-230,-12478,dire
46,23347.0,21542.0,17576.0,13198.0,9184.0,23603.0,20000.0,17501.0,15842.0,8535.0,-1898,1000,-206,-3424,101,-4427,dire
47,21324.0,17930.0,14325.0,10634.0,10558.0,20831.0,19751.0,15705.0,13242.0,8448.0,341,-1388,-1612,-2859,1883,-3635,dire
48,20608.0,18516.0,13311.0,9918.0,9214.0,21585.0,17371.0,17677.0,11293.0,11088.0,-951,1028,-3681,-1531,-1793,-6928,dire
49,26491.0,22721.0,24296.0,16246.0,13702.0,21413.0,20725.0,18152.0,9240.0,11850.0,5236,2044,6309,6834,1725,22148,radiant
50,28969.0,21285.0,19824.0,10544.0,10664.0,25035.0,17072.0,16203.0,9637.0,8396.0,4242,4423,3588,1120,2181,15554,radiant
51,26197.0,19550.0,14824.0,11660.0,8639.0,17264.0,14059.0,13637.0,12042.0,7925.0,9496,4910,1598,-208,936,16732,radiant
52,24333.0,17807.0,16169.0,13076.0,9645.0,26341.0,18407.0,16171.0,11765.0,10759.0,-2418,-874,-152,987,-1304,-3761,radiant
53,23252.0,15896.0,15414.0,12887.0,11950.0,20275.0,19140.0,14126.0,10699.0,9618.0,3507,-3056,2007,2453,2569,7480,radiant
54,25015.0,21885.0,13250.0,15420.0,9971.0,27080.0,20280.0,18316.0,9814.0,8238.0,-3393,884,-6605,5172,1722,-2220,dire
55,21117.0,15397.0,15612.0,10186.0,8835.0,29962.0,23161.0,15705.0,9958.0,9346.0,-9043,-7743,-121,549,-412,-16770,dire
56,19095.0,21898.0,15517.0,10661.0,9679.0,20671.0,19699.0,16878.0,8546.0,9040.0,-446,2278,-983,2372,811,4032,radiant
57,19749.0,15885.0,16095.0,8878.0,7807.0,20393.0,19625.0,18158.0,12728.0,11056.0,51,-3113,-1743,-3474,-2943,-11222,dire
58,18934.0,19761.0,18493.0,11140.0,11900.0,19751.0,15449.0,15255.0,13038.0,9201.0,-560,4083,3878,-1596,2447,8252,radiant
59,26049.0,18678.0,18021.0,10772.0,9515.0,18494.0,19959.0,15971.0,11246.0,11628.0,7185,-357,2154,-15,-2123,6844,radiant
60,16392.0,15444.0,14797.0,7605.0,6206.0,22959.0,20397.0,17727.0,13915.0,10119.0,-6433,-4706,-3384,-6666,-4101,-25290,dire
61,22980.0,17123.0,12942.0,8309.0,7823.0,22189.0,17325.0,16025.0,9862.0,8379.0,-1835,-1629,-4073,-2581,-1094,-11212,dire
62,20212.0,18386.0,16481.0,8114.0,10684.0,20438.0,19248.0,16248.0,15996.0,11016.0,-395,-993,-579,-7876,-16,-9859,radiant
63,27037.0,15945.0,15617.0,9122.0,9585.0,25124.0,17093.0,16607.0,11204.0,8045.0,2079,-1745,-921,-1968,1604,-951,radiant
64,32876.0,14819.0,15847.0,11379.0,9204.0,24864.0,23417.0,17699.0,11505.0,11594.0,8578,-9520,-1923,-224,-2607,-5696,dire
65,19590.0,21274.0,20110.0,9713.0,9451.0,19533.0,21974.0,17419.0,16590.0,11435.0,1473,-126,2941,-7097,-1553,-4362,radiant
66,26627.0,17986.0,18577.0,12677.0,12098.0,24707.0,18141.0,17198.0,10643.0,8245.0,1920,863,1695,2706,4009,11193,radiant
67,17289.0,17460.0,15324.0,10347.0,7640.0,22871.0,21795.0,19026.0,14184.0,7868.0,-2317,-5662,-4617,-3929,191,-16334,dire
68,17646.0,15119.0,12636.0,9456.0,10551.0,20748.0,19196.0,16192.0,10193.0,8339.0,-2636,-3974,-3439,-698,2379,-8368,dire
69,21806.0,20973.0,16053.0,10502.0,9173.0,23124.0,16354.0,14488.0,11766.0,11131.0,-1423,4723,1877,-1241,-1808,2128,radiant
70,22604.0,22491.0,18266.0,11083.0,10805.0,20180.0,17827.0,17951.0,11463.0,11115.0,3655,6060,1708,891,742,13056,radiant
71,21064.0,21810.0,20710.0,13550.0,10783.0,19099.0,19380.0,17341.0,9825.0,9017.0,2414,2783,3374,4170,1800,14541,radiant
72,22097.0,18967.0,15593.0,10380.0,8979.0,20497.0,19300.0,15172.0,12825.0,11102.0,1884,209,764,-1945,-2439,-1527,dire
73,20544.0,17234.0,16643.0,10334.0,8372.0,28593.0,18508.0,17639.0,11059.0,10795.0,-8254,-942,-1052,-983,-2655,-13886,dire
74,21150.0,16111.0,16372.0,10811.0,10668.0,24075.0,18384.0,19879.0,11778.0,13547.0,-2717,-2852,-3240,-538,-2631,-11978,dire
75,21351.0,16126.0,16380.0,10511.0,8580.0,21995.0,14520.0,17290.0,12836.0,8073.0,-1918,1422,-875,-2679,142,-3908,dire
76,23490.0,16231.0,16050.0,11376.0,12509.0,20000.0,16797.0,17096.0,10768.0,8152.0,4318,-99,-190,488,5195,9712,radiant
77,21367.0,19904.0,17004.0,13823.0,9479.0,23207.0,21400.0,20073.0,17873.0,12730.0,-2124,-2375,-3571,-4585,-3929,-16584,dire
78,22339.0,18002.0,16003.0,14581.0,13008.0,21904.0,16145.0,14617.0,11468.0,9601.0,29,1713,1228,2995,3950,9915,radiant
79,15087.0,13581.0,14123.0,10855.0,7878.0,24497.0,14370.0,14651.0,14702.0,10595.0,-8937,-1399,-751,-4282,-2780,-18149,dire
80,18389.0,18185.0,14432.0,9706.0,9492.0,20917.0,15700.0,13636.0,11658.0,8072.0,-2314,1095,601,-2956,684,-2890,radiant
81,24024.0,19114.0,17343.0,12922.0,11342.0,18640.0,15808.0,16487.0,14670.0,11366.0,2559,1657,-421,-2589,-265,941,dire
82,19479.0,17352.0,15680.0,9515.0,9805.0,29353.0,18625.0,19183.0,12342.0,10375.0,-11240,-1317,-3541,-3306,-1015,-20419,dire
83,24703.0,17619.0,15929.0,13727.0,12471.0,23694.0,20544.0,18466.0,11304.0,9377.0,1641,-2344,-2294,2543,3001,2547,radiant
84,21396.0,20137.0,16348.0,14151.0,10674.0,19090.0,17508.0,15107.0,11601.0,11698.0,2041,2435,1460,2580,-465,8051,radiant
85,27354.0,19793.0,20367.0,14338.0,13102.0,15017.0,17330.0,15893.0,8814.0,9158.0,11703,2649,4441,5602,4112,28507,radiant
86,23292.0,16717.0,13366.0,9809.0,9324.0,21044.0,19624.0,17595.0,12312.0,9162.0,2297,-3733,-4151,-2444,-95,-8126,dire
87,25394.0,19356.0,16603.0,8989.0,7881.0,23253.0,22006.0,17620.0,13067.0,8644.0,1764,-3945,-2096,-4694,-1182,-10153,dire
88,19127.0,18030.0,16013.0,11726.0,10807.0,21787.0,20090.0,17503.0,17590.0,12111.0,-4041,-2515,-1120,-5582,-1252,-14510,dire
89,20820.0,18733.0,16082.0,13502.0,11588.0,26382.0,20688.0,14825.0,15090.0,11590.0,-5071,-1884,1432,-1121,-433,-7077,dire
90,22378.0,21267.0,20716.0,10161.0,11459.0,27474.0,18875.0,19224.0,13204.0,9363.0,-5919,2426,946,-3707,1630,-4624,radiant
91,18212.0,17286.0,12348.0,11782.0,8732.0,20931.0,21543.0,19525.0,10110.0,9841.0,-2971,-4012,-7372,1192,-1021,-14184,dire
92,21684.0,20257.0,19995.0,13018.0,9840.0,21768.0,15653.0,14334.0,12575.0,7255.0,-716,5094,5685,582,2729,13374,radiant
93,22361.0,19511.0,13929.0,10021.0,9994.0,22275.0,22583.0,16927.0,13056.0,12061.0,1303,-2711,-2775,-2572,-1773,-8528,dire
94,22760.0,17394.0,14729.0,10899.0,7723.0,26478.0,17839.0,17676.0,13165.0,12997.0,-3486,-514,-3051,-1856,-4810,-13717,dire
95,25224.0,21896.0,19943.0,11251.0,7965.0,26108.0,18698.0,15034.0,12043.0,9857.0,307,4356,5217,-1094,-1572,7214,radiant
96,18298.0,17678.0,14908.0,10199.0,8985.0,24843.0,23463.0,19275.0,14172.0,11936.0,-6889,-7252,-5065,-4632,-3079,-26917,dire
97,22460.0,17602.0,18244.0,14518.0,11208.0,22914.0,22877.0,15832.0,12542.0,11788.0,-490,-5647,1595,1540,-643,-3645,dire
98,30605.0,21966.0,15341.0,11433.0,10916.0,22050.0,19632.0,18255.0,8415.0,8564.0,9657,3572,-1594,3661,3092,18388,radiant
99,24352.0,15264.0,14761.0,8665.0,7595.0,20595.0,18625.0,16029.0,9976.0,10008.0,3628,-2822,-1576,-1175,-2365,-4310,dire
100,25364.0,19737.0,13823.0,11839.0,11879.0,25475.0,17037.0,13547.0,11982.0,10047.0,14,2703,111,-198,1808,4438,radiant
101,32446.0,20228.0,17649.0,15794.0,13687.0,17313.0,15221.0,15313.0,13525.0,11476.0,15513,3767,1610,2928,1291,25109,radiant
102,25985.0,21731.0,19081.0,11830.0,9972.0,18621.0,15000.0,12716.0,9118.0,8327.0,8533,7441,6813,3047,1940,27774,radiant
103,23831.0,19146.0,17980.0,11765.0,11808.0,21156.0,23944.0,17615.0,11482.0,10227.0,2180,-4787,-165,870,1279,-623,dire
104,19328.0,19903.0,16870.0,11846.0,9892.0,17975.0,18651.0,17354.0,9683.0,11518.0,1245,2418,-791,1243,-1748,2367,dire
105,21245.0,19037.0,14249.0,8516.0,8933.0,23864.0,17970.0,17472.0,11930.0,10274.0,-903,1477,-2691,-2516,-484,-5117,dire
106,18747.0,18371.0,17701.0,15291.0,14677.0,25005.0,22707.0,23747.0,10964.0,10449.0,-6559,-4668,-6187,5178,4709,-7527,dire
107,24019.0,16000.0,18294.0,11234.0,10906.0,16933.0,17494.0,13198.0,14058.0,11337.0,6567,-1098,5172,-2347,-185,8109,dire
108,24968.0,18575.0,17234.0,10352.0,10472.0,28105.0,16696.0,16748.0,14586.0,10815.0,-3116,2914,1113,-3746,-48,-2883,dire
109,17961.0,15619.0,10926.0,8642.0,7932.0,22429.0,20135.0,18958.0,14544.0,13298.0,-5100,-5204,-8525,-6053,-5616,-30498,dire
110,26772.0,18611.0,16658.0,12368.0,12549.0,18455.0,16772.0,15316.0,14540.0,9527.0,7821,1448,1774,-2551,2993,11485,radiant
111,17871.0,13793.0,14942.0,10990.0,9119.0,23272.0,22804.0,14275.0,14082.0,11917.0,-4552,-8340,861,-2973,-3111,-18115,dire
112,28342.0,17603.0,18220.0,12205.0,9561.0,21072.0,15320.0,12850.0,10433.0,9775.0,7243,2339,5398,1903,-263,16620,radiant
113,22126.0,19211.0,18190.0,16027.0,15062.0,22214.0,21010.0,14777.0,10786.0,8662.0,780,-2186,3644,5456,6537,14231,radiant
114,27645.0,22603.0,20758.0,16099.0,10194.0,19901.0,18929.0,13872.0,12075.0,11085.0,8636,4504,7914,4063,-795,24322,radiant
115,18714.0,20619.0,18187.0,11247.0,9328.0,24218.0,14329.0,12382.0,8691.0,7619.0,-6205,5608,5174,2298,1424,8299,radiant
116,23596.0,22414.0,20861.0,10833.0,8786.0,22657.0,17146.0,16717.0,9483.0,8388.0,1230,6568,4968,1645,1182,15593,radiant
117,24924.0,17607.0,17229.0,8879.0,8464.0,19450.0,17236.0,17358.0,12321.0,8280.0,4432,-443,-502,-4464,-465,-1442,dire
118,27714.0,18817.0,17430.0,11429.0,11008.0,23167.0,17717.0,14554.0,9519.0,7988.0,5179,1456,2732,2158,3127,14652,radiant
119,21988.0,21470.0,20134.0,14200.0,12319.0,22648.0,16963.0,15149.0,10782.0,9649.0,-1543,4517,4145,3094,2390,12603,radiant
120,24808.0,21455.0,18504.0,13935.0,9827.0,26434.0,20061.0,18084.0,12874.0,11013.0,-449,1178,6,985,-1134,586,radiant
121,25364.0,17348.0,14517.0,12918.0,13181.0,26320.0,21293.0,17255.0,10502.0,9773.0,715,-2660,-1436,4103,4213,4935,radiant
122,23858.0,21111.0,20430.0,10766.0,10444.0,24260.0,16671.0,14714.0,9815.0,9494.0,44,4583,5228,1480,1203,12538,radiant
123,19246.0,15207.0,14123.0,10946.0,8596.0,23338.0,21724.0,20132.0,13943.0,14022.0,-5109,-6935,-6194,-3043,-5854,-27135,dire
124,24463.0,17204.0,17196.0,12338.0,9567.0,15148.0,14581.0,9321.0,6901.0,6245.0,9387,2266,7943,5526,3138,28260,radiant
125,22162.0,19265.0,14334.0,11347.0,7304.0,24075.0,21047.0,14645.0,15894.0,11210.0,-2248,-607,-712,-5276,-3931,-12774,dire
126,17640.0,18708.0,18154.0,11829.0,8159.0,17534.0,17636.0,13757.0,9700.0,7449.0,228,1106,4219,1997,629,8179,radiant
127,21651.0,21268.0,17442.0,11431.0,9610.0,24221.0,19295.0,14691.0,12102.0,9804.0,-2114,1822,2435,-1700,-430,13,radiant
128,22783.0,20734.0,19182.0,12508.0,10368.0,19032.0,17153.0,12066.0,11802.0,8582.0,5491,3309,7673,1181,2314,19968,radiant
129,25583.0,21410.0,18534.0,14312.0,15013.0,20388.0,18484.0,14221.0,14150.0,11808.0,7026,3460,4353,1207,3432,19478,radiant
130,26234.0,19877.0,14994.0,13387.0,9073.0,29321.0,18304.0,15356.0,11077.0,10441.0,-3043,1451,431,2454,-1026,267,radiant
131,32822.0,19390.0,17975.0,8112.0,6057.0,29146.0,20913.0,18638.0,13238.0,8871.0,5167,-459,358,-5075,-2575,-2584,radiant
132,21103.0,20019.0,17509.0,10430.0,8763.0,20294.0,17949.0,17455.0,12617.0,11206.0,1511,2944,305,-2314,-2680,-234,radiant
133,28158.0,21837.0,15132.0,13362.0,10803.0,26979.0,22313.0,20103.0,14027.0,10950.0,571,-634,-4841,-441,-138,-5483,dire
134,25459.0,21277.0,16685.0,15629.0,14511.0,23552.0,22131.0,19102.0,11271.0,9644.0,1790,-663,-1488,4087,4780,8506,radiant
135,20412.0,19660.0,16076.0,10264.0,9498.0,24059.0,17635.0,14105.0,10903.0,10569.0,-3087,1666,1542,-1052,-1002,-1933,radiant
136,18158.0,18661.0,19265.0,9029.0,9973.0,22318.0,15939.0,16646.0,8617.0,8432.0,-2920,3317,3145,711,1637,5890,radiant
137,20778.0,17289.0,16417.0,11179.0,10647.0,20456.0,18552.0,15497.0,11130.0,8179.0,1027,-960,1372,134,2742,4315,radiant
138,22071.0,19125.0,15055.0,12909.0,9917.0,22012.0,21481.0,17151.0,11357.0,11113.0,-94,-2207,-1576,1367,-1060,-3570,dire
139,17545.0,17246.0,16399.0,10519.0,8951.0,19153.0,17259.0,15739.0,11475.0,8266.0,-2077,-352,455,-1100,548,-2526,dire
140,19808.0,18831.0,21808.0,12007.0,11267.0,19924.0,19360.0,12359.0,13267.0,8727.0,-88,-1024,8898,-1637,2232,8381,dire
141,24066.0,19196.0,18643.0,12068.0,9632.0,17836.0,18005.0,17401.0,11664.0,8624.0,7113,2028,1807,821,1427,13196,radiant
142,20918.0,21688.0,18666.0,12596.0,11772.0,22033.0,16199.0,14472.0,10772.0,10338.0,652,6775,5847,3040,2783,19097,radiant
143,26806.0,20255.0,17146.0,11715.0,12294.0,25884.0,16325.0,16029.0,10420.0,8229.0,1270,3812,1799,1278,3815,11974,radiant
144,27194.0,18994.0,16364.0,10824.0,9543.0,28797.0,22242.0,18148.0,11531.0,11247.0,-1404,-2743,-1124,-563,-1047,-6881,radiant
145,19210.0,18146.0,18378.0,11410.0,9760.0,18343.0,18243.0,17264.0,11015.0,9317.0,-77,-1076,1470,378,540,1235,radiant
146,24984.0,18305.0,16937.0,15182.0,9434.0,18973.0,16418.0,13009.0,10752.0,8954.0,6275,1339,4125,4391,474,16604,radiant
147,21088.0,21303.0,20193.0,7646.0,6427.0,23692.0,20573.0,18503.0,13283.0,7275.0,-2855,1431,1210,-5702,-1009,-6925,dire
148,20907.0,21067.0,18527.0,11407.0,9206.0,21695.0,19725.0,18628.0,14077.0,13772.0,-987,94,-1828,-2873,-4691,-10285,dire
149,23676.0,19236.0,15785.0,11636.0,12207.0,19460.0,18548.0,16301.0,10903.0,8822.0,5111,1619,-620,2011,3618,11739,radiant
150,22718.0,21124.0,17932.0,14842.0,12148.0,23120.0,22186.0,19376.0,11817.0,10112.0,-377,-1146,-2543,3102,1635,671,dire
151,21003.0,17459.0,15861.0,11152.0,11815.0,26933.0,23906.0,18827.0,14201.0,11932.0,-5942,-6378,-3118,-2782,-148,-18368,dire
152,22198.0,20390.0,14729.0,10752.0,8925.0,24597.0,24445.0,17788.0,12115.0,11012.0,-3055,-5018,-3600,-1437,-2338,-15448,dire
153,22740.0,20879.0,15822.0,9074.0,9120.0,23526.0,17491.0,13643.0,9983.0,9526.0,-244,3676,2409,-362,-154,5325,dire
154,25288.0,21384.0,19716.0,12398.0,11572.0,25298.0,15960.0,14624.0,11241.0,10863.0,272,5198,3991,372,958,10791,radiant
155,22240.0,16868.0,15193.0,14074.0,12620.0,19700.0,19567.0,16215.0,13098.0,13216.0,2185,-2969,-1228,846,-859,-2025,radiant
156,25336.0,23323.0,21213.0,15392.0,12120.0,24803.0,25607.0,16580.0,15364.0,12195.0,445,-2153,4371,82,50,2795,radiant
157,26649.0,23715.0,16894.0,12694.0,12223.0,20015.0,18099.0,12356.0,12415.0,9395.0,6869,5399,4547,542,2457,19814,radiant
158,26092.0,19486.0,17826.0,12843.0,12301.0,22892.0,18785.0,18389.0,11990.0,12693.0,3007,942,-527,678,-356,3744,dire
159,27495.0,20483.0,15194.0,10907.0,8719.0,20185.0,19396.0,13641.0,10087.0,7520.0,9569,2368,2092,1596,2051,17676,radiant
160,22216.0,20253.0,18846.0,13462.0,9466.0,25237.0,15478.0,15081.0,12222.0,11074.0,-2646,4259,3716,1288,-1794,4823,dire
161,24807.0,21735.0,20558.0,14115.0,13284.0,19729.0,17859.0,16822.0,14702.0,10364.0,6809,4220,3884,-547,3496,17862,radiant
162,24883.0,16119.0,16641.0,13343.0,9821.0,26187.0,24184.0,15229.0,13977.0,10828.0,-1701,-7734,1073,-1063,-1487,-10912,dire
163,19653.0,18326.0,10840.0,8940.0,7628.0,26054.0,16496.0,15186.0,11111.0,9411.0,-7970,1585,-4975,-2922,-2260,-16542,dire
164,20320.0,20231.0,17734.0,15626.0,12239.0,27080.0,16492.0,15564.0,16552.0,13429.0,-9142,1074,-437,-1719,-1711,-11935,dire
165,21371.0,18783.0,16488.0,9498.0,9214.0,26435.0,21665.0,18770.0,12232.0,9828.0,-5672,-2500,-3103,-2759,-1022,-15056,dire
166,21519.0,16268.0,16828.0,9642.0,7964.0,22645.0,20242.0,13037.0,17071.0,13496.0,-1014,-4191,3907,-7422,-6038,-14758,dire
167,25356.0,19999.0,14998.0,12170.0,11406.0,21423.0,18929.0,18432.0,10447.0,9798.0,3486,1729,-3161,2470,1312,5836,radiant
168,26447.0,22309.0,18532.0,11759.0,8840.0,19552.0,19353.0,20726.0,10535.0,11571.0,6045,2432,-1848,1077,-2834,4872,radiant
169,24125.0,21862.0,16989.0,13194.0,12907.0,24704.0,15019.0,14402.0,13202.0,9720.0,-1547,6804,3080,33,3217,11587,radiant
170,28514.0,16514.0,16137.0,10551.0,10240.0,23381.0,20831.0,18534.0,11894.0,11205.0,5613,-4279,-2633,-1336,-934,-3569,dire
171,22472.0,19658.0,17944.0,8828.0,6880.0,24450.0,21669.0,18044.0,14086.0,12307.0,-1865,-2363,579,-5145,-5619,-14413,dire
172,28607.0,19375.0,13689.0,15354.0,13990.0,19179.0,17209.0,17066.0,13526.0,9954.0,10377,2597,-2840,2256,5391,17781,radiant
173,20530.0,19004.0,16343.0,13073.0,10774.0,27716.0,22108.0,20949.0,12629.0,11407.0,-7344,-2914,-5067,13,-770,-16082,dire
174,21977.0,16612.0,17565.0,10685.0,9036.0,26316.0,18667.0,15710.0,10302.0,9016.0,-5136,-3231,982,167,-486,-7704,dire
175,26803.0,22665.0,18891.0,12790.0,10322.0,24350.0,17469.0,17080.0,11731.0,10935.0,2535,4802,2081,1182,-492,10108,radiant
176,19753.0,19588.0,13421.0,13370.0,13316.0,24278.0,18174.0,18173.0,16327.0,10949.0,-5744,1057,-4282,-3607,2282,-10294,dire
177,17454.0,17493.0,17871.0,10400.0,9229.0,27341.0,19747.0,15595.0,15374.0,14046.0,-7065,-534,3442,-3619,-3942,-11718,radiant
178,22797.0,20090.0,18754.0,13169.0,10810.0,28498.0,23869.0,18346.0,11728.0,10340.0,-6212,-3173,979,1601,418,-6387,dire
179,19085.0,15413.0,14580.0,14192.0,9923.0,22874.0,18364.0,19119.0,12990.0,14465.0,-3722,-3500,-4788,1350,-4366,-15026,dire
180,18169.0,17013.0,16769.0,12985.0,8644.0,22869.0,16074.0,15083.0,11094.0,9234.0,-4574,1220,1553,2010,-670,-461,dire
181,27065.0,20657.0,19689.0,14551.0,10286.0,21499.0,16657.0,17466.0,11443.0,9237.0,6248,4301,2381,3555,1502,17987,radiant
182,22073.0,20788.0,16298.0,10805.0,8348.0,18187.0,16387.0,17683.0,9344.0,10469.0,3043,2716,-1725,457,-2595,1896,radiant
183,26092.0,23460.0,18282.0,13202.0,12789.0,19820.0,17802.0,14485.0,13258.0,9127.0,6455,6927,4687,1056,4214,23339,radiant
184,25131.0,19874.0,16729.0,13380.0,10528.0,19969.0,18374.0,14065.0,10925.0,10040.0,5350,1965,2798,3244,955,14312,radiant
185,20972.0,17361.0,13041.0,12571.0,9864.0,23901.0,23076.0,21482.0,14775.0,12103.0,-2301,-6027,-8241,-2042,-2693,-21304,dire
186,20339.0,19373.0,16439.0,10124.0,10085.0,21102.0,16533.0,14258.0,11522.0,10955.0,-1878,2501,2585,-1410,-1283,515,radiant
187,17831.0,17256.0,13098.0,9383.0,7720.0,20119.0,18082.0,19113.0,19039.0,9659.0,-2091,973,-5987,-9492,-1974,-18571,dire
188,17589.0,19073.0,16080.0,10423.0,7049.0,22361.0,22269.0,15561.0,14612.0,11977.0,-4760,-2854,57,-3987,-4815,-16359,dire
189,18824.0,18063.0,14230.0,13435.0,8157.0,24153.0,18836.0,18329.0,13211.0,12485.0,-4469,-542,-3208,387,-4547,-12379,dire
190,28291.0,18061.0,16623.0,11908.0,12693.0,26421.0,22288.0,19387.0,10551.0,9486.0,3137,-4389,-2920,1584,3317,729,dire
191,25319.0,17456.0,16356.0,9366.0,8539.0,26384.0,21870.0,17750.0,10993.0,8267.0,427,-3708,-479,-1234,913,-4081,dire
192,26325.0,18103.0,14772.0,8731.0,10081.0,23599.0,17908.0,19856.0,9835.0,9681.0,3121,87,-5252,-974,487,-2531,radiant
193,19933.0,18481.0,16406.0,10802.0,7912.0,18045.0,17762.0,17919.0,12151.0,8692.0,2155,933,-2290,-1158,-850,-1210,dire
194,24454.0,19027.0,15565.0,11037.0,9693.0,25826.0,20292.0,14555.0,12885.0,12398.0,-1264,-1635,1092,-1613,-2783,-6203,dire
195,19946.0,17234.0,16934.0,11443.0,10703.0,19195.0,15528.0,13876.0,10279.0,7546.0,1252,2337,3324,1648,3439,12000,radiant
196,18431.0,19797.0,15980.0,11830.0,7950.0,24413.0,19800.0,18432.0,10463.0,7870.0,-6902,-436,-2794,1215,-466,-9383,dire
197,19852.0,20252.0,16461.0,11100.0,11201.0,26324.0,19723.0,16758.0,12916.0,9771.0,-7336,224,-574,-2018,1190,-8514,dire
198,23138.0,19016.0,15558.0,11255.0,7869.0,20157.0,15277.0,14316.0,7375.0,7928.0,3897,3266,1126,3943,281,12513,radiant
199,22817.0,20871.0,15353.0,14566.0,11513.0,28926.0,21831.0,16967.0,14497.0,11295.0,-5186,618,-1832,80,764,-5556,radiant
200,19347.0,18166.0,17044.0,12268.0,9479.0,18887.0,15249.0,17256.0,12328.0,12187.0,468,3057,133,-331,-2612,715,radiant
201,24824.0,18193.0,14304.0,10503.0,8975.0,18282.0,17789.0,17513.0,15342.0,14688.0,6680,620,-2682,-4368,-5209,-4959,radiant
202,23779.0,21398.0,19781.0,13716.0,11677.0,20329.0,13836.0,13437.0,10868.0,10558.0,3151,7690,5449,2689,415,19394,radiant
203,23795.0,20793.0,17520.0,16571.0,9595.0,21481.0,16291.0,12969.0,6948.0,6983.0,2499,4074,4444,9319,3317,23653,radiant
204,29023.0,28606.0,20179.0,14246.0,12821.0,26284.0,15638.0,13982.0,10083.0,7457.0,3207,13599,6181,4362,5589,32938,radiant
205,30506.0,20370.0,21088.0,14743.0,11371.0,22204.0,19543.0,16519.0,10790.0,9475.0,9357,1301,5092,4959,2174,22883,radiant
206,24951.0,18452.0,20523.0,11397.0,8249.0,26454.0,22186.0,16900.0,10689.0,11223.0,-1043,-4557,2808,349,-3525,-5968,dire
207,19863.0,19296.0,18754.0,12566.0,10947.0,17653.0,17244.0,15286.0,10241.0,10517.0,2234,1886,3518,1996,583,10217,radiant
208,21062.0,18537.0,17616.0,12562.0,9027.0,23718.0,18543.0,17312.0,9472.0,11370.0,-1703,434,923,3311,-1734,1231,radiant
209,24773.0,16346.0,15691.0,10083.0,6577.0,25174.0,17897.0,17994.0,9980.0,10212.0,-161,-1550,-2234,100,-3664,-7509,dire
210,25107.0,19085.0,18112.0,11999.0,11875.0,20928.0,16273.0,12396.0,10168.0,8128.0,5455,3248,6361,2250,4106,21420,radiant
211,25882.0,16454.0,16284.0,9799.0,9575.0,31489.0,18459.0,17377.0,11193.0,10064.0,-5319,-2627,-1054,-1561,-558,-11119,dire
212,22990.0,14677.0,13789.0,8251.0,7797.0,24203.0,15746.0,15629.0,10112.0,8691.0,-19,-1019,-1040,-870,-198,-3146,dire
213,19604.0,15343.0,15108.0,13993.0,11935.0,29307.0,17170.0,16420.0,11302.0,9638.0,-12187,-3584,-2383,1155,1210,-15789,dire
214,20207.0,19430.0,14062.0,11102.0,9366.0,20124.0,16358.0,15731.0,9328.0,8755.0,1284,3517,-1604,1913,519,5629,dire
215,20390.0,18833.0,17962.0,11771.0,10515.0,19342.0,16589.0,13366.0,11854.0,10411.0,-120,2040,4365,-1158,-152,4975,dire
216,24070.0,20499.0,20765.0,9481.0,8934.0,25331.0,15586.0,13236.0,11149.0,7836.0,-433,5084,7211,-2213,1012,10661,radiant
217,29610.0,22589.0,21816.0,12861.0,10057.0,24701.0,20702.0,14779.0,8983.0,9291.0,4968,1243,7130,3930,701,17972,radiant
218,25040.0,23405.0,18346.0,12202.0,9391.0,21218.0,16976.0,16081.0,10867.0,7725.0,4336,7385,3084,2135,2484,19424,radiant
219,22362.0,20049.0,16219.0,14276.0,12155.0,27115.0,19893.0,14840.0,13571.0,12947.0,-5062,430,788,566,-1393,-4671,dire
220,29094.0,18609.0,16742.0,14465.0,9699.0,21732.0,17669.0,16540.0,10545.0,9314.0,7217,5,-1225,3366,68,9431,radiant
221,23375.0,16537.0,14342.0,15258.0,10946.0,19680.0,17898.0,15429.0,10456.0,8474.0,3668,-725,-830,4668,2800,9581,radiant
222,20874.0,20505.0,17746.0,8669.0,8286.0,24126.0,22961.0,19405.0,14949.0,11088.0,-3637,-2051,-2041,-6193,-2852,-16774,dire
223,19097.0,20476.0,13097.0,11241.0,7775.0,20567.0,20107.0,16453.0,9396.0,9064.0,-1124,1438,-2442,2385,-781,-524,radiant
224,26176.0,15759.0,17026.0,9685.0,10006.0,22367.0,19213.0,14567.0,15314.0,8778.0,3428,-3264,2670,-5621,1310,-1477,radiant
225,23179.0,22440.0,18518.0,10588.0,8510.0,18481.0,15630.0,14085.0,9716.0,7707.0,5577,8349,5385,2740,1470,23521,radiant
226,20584.0,17205.0,18413.0,10323.0,9911.0,22183.0,18685.0,16712.0,14959.0,12235.0,-1696,-1891,1582,-4729,-2337,-9071,radiant
227,21644.0,18128.0,18853.0,9692.0,8891.0,20365.0,17584.0,12998.0,9764.0,9022.0,1716,916,5886,369,612,9499,radiant
228,22508.0,19923.0,19997.0,11228.0,10204.0,26193.0,19490.0,14038.0,8643.0,8672.0,-3534,349,6191,2677,1813,7496,radiant
229,21252.0,19784.0,16580.0,15879.0,10337.0,18448.0,17917.0,15900.0,11500.0,8541.0,2411,1757,498,3828,1856,10350,radiant
230,21470.0,23777.0,19700.0,11962.0,11324.0,19981.0,16681.0,15221.0,12178.0,10528.0,1187,6035,3524,-361,-132,10253,radiant
231,19679.0,18314.0,21143.0,11226.0,11021.0,19328.0,19032.0,13529.0,10876.0,7897.0,1569,-846,6939,998,3353,12013,dire
232,20409.0,20093.0,13359.0,11475.0,8767.0,31230.0,22082.0,16293.0,13676.0,11298.0,-11955,-3116,-3769,-2919,-3592,-25351,dire
233,20380.0,20227.0,18320.0,11949.0,9944.0,20838.0,22253.0,13665.0,11539.0,9613.0,-483,-1764,4925,430,390,3498,radiant
234,21317.0,18011.0,13065.0,10376.0,8196.0,20541.0,22932.0,20970.0,10701.0,11245.0,1447,-4902,-8513,343,-2852,-14477,dire
235,19539.0,18236.0,16499.0,13227.0,10855.0,20326.0,21203.0,18419.0,12155.0,8427.0,-1919,-2376,-2313,1105,2225,-3278,radiant
236,17600.0,16398.0,14444.0,9776.0,7315.0,26030.0,23631.0,22155.0,12504.0,10744.0,-8407,-6824,-7467,-2786,-3359,-28843,dire
237,23103.0,22114.0,15777.0,13089.0,10104.0,23029.0,20151.0,15163.0,10727.0,9251.0,-544,2321,1017,2463,900,6157,dire
238,22219.0,21073.0,20607.0,15635.0,14421.0,21831.0,18582.0,15845.0,13168.0,12975.0,25,2966,5143,2450,1025,11609,radiant
239,19621.0,16298.0,13111.0,12514.0,11839.0,24243.0,18940.0,17936.0,11216.0,11400.0,-3788,-2504,-4822,764,307,-10043,dire
240,21521.0,16200.0,16107.0,11834.0,11442.0,22315.0,20535.0,15914.0,15248.0,11870.0,-2547,-3882,-276,-4269,-356,-11330,dire
241,18080.0,14197.0,16489.0,13123.0,9940.0,18733.0,16918.0,15116.0,9428.0,9291.0,-53,-1885,2114,3713,1225,5114,dire
242,19931.0,15021.0,14044.0,10592.0,9904.0,19188.0,18938.0,14954.0,11222.0,9564.0,1113,-4055,446,-798,351,-2943,radiant
243,27020.0,19442.0,17964.0,16743.0,11090.0,19989.0,16934.0,13513.0,8566.0,6999.0,7518,2160,4948,7597,4575,26798,radiant
244,19293.0,16138.0,16625.0,11287.0,9733.0,21445.0,16006.0,16631.0,14161.0,10570.0,-887,1557,-55,-2209,-529,-2123,dire
245,24631.0,23395.0,21125.0,10841.0,10350.0,23476.0,20078.0,14339.0,10733.0,10268.0,1694,2821,7038,232,327,12112,radiant
246,22997.0,19340.0,16568.0,12367.0,11145.0,25503.0,18865.0,17133.0,14087.0,9411.0,-2683,568,-261,-1658,1699,-2335,dire
247,24144.0,19037.0,16738.0,13817.0,10886.0,20553.0,20728.0,15691.0,13243.0,11406.0,3341,-1427,953,899,-1254,2512,radiant
248,18833.0,13080.0,13154.0,11435.0,7472.0,23548.0,18252.0,16743.0,11362.0,10346.0,-4508,-5026,-3081,143,-2716,-15188,dire
249,22920.0,16365.0,16088.0,11852.0,8682.0,20566.0,19025.0,12399.0,12768.0,9180.0,2591,-2612,3002,-1144,-318,1519,radiant
250,20298.0,18833.0,17649.0,11538.0,8137.0,24027.0,20850.0,18427.0,12469.0,9815.0,-3225,-1144,-131,-169,-1787,-6456,dire
251,29566.0,18934.0,19183.0,14630.0,12166.0,19909.0,18965.0,15747.0,9293.0,9899.0,9540,-160,3325,5095,2203,20003,radiant
252,25574.0,19597.0,18740.0,15361.0,10528.0,21362.0,16267.0,14178.0,11849.0,9477.0,5715,4178,5315,4381,1752,21341,radiant
253,21617.0,20442.0,14638.0,12436.0,9765.0,27676.0,21750.0,21333.0,14352.0,12267.0,-4928,376,-6880,-2202,-1714,-15348,dire
254,22198.0,22117.0,18010.0,12124.0,10886.0,23496.0,19110.0,15726.0,11023.0,10218.0,-1574,2824,2207,739,473,4669,radiant
255,24890.0,20489.0,16042.0,11483.0,8956.0,22551.0,21513.0,18761.0,10739.0,9631.0,2497,-888,-2413,794,-484,-494,radiant
256,22651.0,19587.0,17516.0,10228.0,9974.0,25331.0,17490.0,18708.0,13795.0,12607.0,-2413,2254,-391,-2673,-2453,-5676,radiant
257,18367.0,20151.0,17880.0,15527.0,11153.0,26429.0,18051.0,15093.0,12324.0,7234.0,-9060,714,1859,2056,3188,-1243,dire
258,24313.0,18089.0,16393.0,16158.0,10979.0,23346.0,14212.0,14730.0,10417.0,11581.0,201,4083,1603,5964,-472,11379,dire
259,19141.0,18546.0,16784.0,14142.0,10426.0,23337.0,19998.0,16461.0,11317.0,8730.0,-2939,-341,518,3289,2574,3101,radiant
260,27465.0,19731.0,13435.0,10077.0,9555.0,27754.0,19104.0,16821.0,12269.0,11802.0,292,1367,-3142,-2211,-2067,-5761,dire
261,24689.0,20232.0,15836.0,12708.0,8794.0,21312.0,21830.0,21569.0,12297.0,8722.0,4314,-845,-5067,596,478,-524,radiant
262,25432.0,18055.0,15716.0,11813.0,9725.0,21780.0,19443.0,15277.0,17010.0,10552.0,4726,-2439,299,-5753,-1148,-4315,dire
263,19491.0,17417.0,17062.0,10987.0,8140.0,20036.0,18466.0,17793.0,11061.0,10107.0,-794,-1470,-479,-403,-2400,-5546,dire
264,24856.0,16998.0,14969.0,12390.0,9164.0,22916.0,18153.0,17970.0,10494.0,11323.0,2655,-1464,-2375,1509,-1942,-1617,dire
265,16646.0,16144.0,15385.0,12598.0,8628.0,23374.0,20296.0,18668.0,13733.0,11767.0,-6839,-3867,-3832,-1117,-3328,-18983,dire
266,26175.0,18616.0,16834.0,13717.0,11721.0,26121.0,16046.0,14475.0,11212.0,9128.0,-1032,2062,2455,2600,2029,8114,radiant
267,26583.0,17983.0,17133.0,11670.0,10116.0,22099.0,18454.0,17725.0,9972.0,7875.0,4127,67,-915,1589,2230,7098,radiant
268,21607.0,19816.0,19956.0,10291.0,10332.0,16127.0,16535.0,15600.0,12491.0,9816.0,5355,3031,3880,-2442,113,9937,radiant
269,21093.0,18767.0,16942.0,9210.0,9712.0,24983.0,20868.0,17242.0,12795.0,9846.0,-3863,-2364,471,-3335,201,-8890,dire
270,18242.0,17461.0,16588.0,11022.0,11594.0,22044.0,19976.0,18968.0,11441.0,10016.0,-3709,-2832,-2459,-813,1689,-8124,dire
271,24108.0,23722.0,17544.0,11529.0,10708.0,23431.0,20957.0,20904.0,13717.0,8917.0,1459,2678,-2390,-2053,2375,2069,dire
272,25694.0,20292.0,17386.0,13703.0,11502.0,22541.0,15624.0,15036.0,13333.0,10057.0,2266,4635,2849,724,1584,12058,radiant
273,21035.0,19638.0,15552.0,14690.0,10852.0,24411.0,14913.0,12881.0,10631.0,7399.0,-3419,4098,3178,4098,3890,11845,radiant
274,19396.0,18816.0,12963.0,14190.0,9377.0,27708.0,18966.0,18164.0,12244.0,12196.0,-7791,297,-5017,2157,-2702,-13056,radiant
275,19076.0,18781.0,15171.0,8581.0,7817.0,26490.0,17774.0,18437.0,17638.0,10822.0,-7047,863,-2965,-9391,-2764,-21304,dire
276,20121.0,17414.0,15599.0,8680.0,7415.0,21222.0,19400.0,18745.0,15411.0,10548.0,-73,-2080,-3802,-6819,-3300,-16074,dire
277,16490.0,18028.0,15829.0,13153.0,8112.0,22229.0,19313.0,15464.0,14118.0,9953.0,-5961,-1602,-293,-1416,-2073,-11345,radiant
278,21159.0,18630.0,17323.0,10624.0,9797.0,20864.0,22021.0,16849.0,11864.0,10195.0,230,-2463,1409,-483,-24,-1331,radiant
279,17756.0,17183.0,16382.0,9863.0,9181.0,24841.0,17421.0,17867.0,13148.0,9786.0,-8768,-1691,-2005,-3875,-1367,-17706,dire
280,18605.0,19107.0,18967.0,10845.0,9177.0,21429.0,19517.0,15867.0,15196.0,12100.0,-3515,-947,2779,-4639,-2993,-9315,dire
281,23336.0,17819.0,17388.0,16177.0,9613.0,19516.0,20073.0,14070.0,10923.0,9959.0,2784,-2731,2579,5461,-393,7700,radiant
282,23466.0,20139.0,15298.0,12408.0,9525.0,21265.0,18048.0,16540.0,9415.0,8390.0,2971,1950,-1280,3299,1513,8453,radiant
283,26312.0,26190.0,20375.0,16425.0,10435.0,27528.0,16359.0,13171.0,14326.0,9674.0,-1127,9076,5636,2982,-158,16409,radiant
284,25103.0,23665.0,20413.0,16132.0,11600.0,21872.0,19686.0,15415.0,9277.0,8916.0,4241,4118,6353,7193,3526,25431,radiant
285,24708.0,16814.0,17310.0,10391.0,9675.0,20119.0,17948.0,15086.0,9003.0,9778.0,4601,-1660,2325,927,-175,6018,dire
286,18780.0,16996.0,13300.0,8200.0,8614.0,20610.0,20303.0,17273.0,12760.0,11564.0,-2235,-3413,-3842,-4789,-3151,-17430,dire
287,16858.0,17166.0,11719.0,8280.0,7122.0,22194.0,16778.0,14718.0,9118.0,9302.0,-5596,-428,-3273,-1324,-2357,-12978,dire
288,19267.0,19064.0,14147.0,12029.0,9488.0,20288.0,20167.0,16054.0,11375.0,10274.0,-1070,-536,-2055,454,-1554,-4761,dire
289,17404.0,12774.0,11262.0,9675.0,7090.0,25125.0,18861.0,18683.0,11753.0,9631.0,-7337,-6267,-7079,-1761,-3049,-25493,dire
290,25127.0,21594.0,17253.0,10797.0,10348.0,22202.0,15771.0,17027.0,12620.0,14136.0,3424,5667,701,-1212,-3365,5215,radiant
291,29541.0,17231.0,16866.0,12729.0,10395.0,18713.0,17876.0,17513.0,12429.0,11645.0,10375,-1121,-1094,48,-1457,6751,radiant
292,20393.0,19227.0,16818.0,14398.0,9350.0,24748.0,20190.0,17202.0,11634.0,11760.0,-3201,-941,-373,3543,-2643,-3615,dire
293,25334.0,15786.0,15273.0,10171.0,10109.0,23417.0,20113.0,15104.0,14441.0,12510.0,2782,-3497,765,-3727,-2000,-5677,dire
294,27130.0,19076.0,13684.0,12699.0,12721.0,21252.0,17577.0,16858.0,13942.0,12273.0,4776,1375,-3678,-1389,273,1357,radiant
295,21638.0,18018.0,16436.0,10048.0,8823.0,26566.0,20971.0,17738.0,9430.0,6703.0,-5715,-3375,-1654,134,1933,-8677,dire
296,23324.0,17629.0,16481.0,15393.0,11627.0,23718.0,18466.0,17557.0,12309.0,10974.0,-1332,-1114,-1116,2942,264,-356,dire
297,22608.0,15904.0,14836.0,16695.0,10038.0,27154.0,18004.0,15601.0,13145.0,13856.0,-3986,-925,252,3450,-3510,-4719,radiant
298,19146.0,19536.0,18533.0,12061.0,11197.0,20500.0,18366.0,17815.0,12164.0,13896.0,-1136,1641,198,-529,-2964,-2790,radiant
299,28276.0,18875.0,16398.0,11513.0,7131.0,25722.0,23281.0,21763.0,11602.0,10063.0,1811,-4518,-6237,-516,-3065,-12525,radiant
300,25104.0,18005.0,15760.0,16022.0,9482.0,26567.0,17098.0,17238.0,11420.0,9774.0,-1086,504,-2172,4350,-532,1064,radiant
301,33864.0,18841.0,12666.0,11630.0,9650.0,20113.0,16852.0,16135.0,10898.0,10704.0,14625,2722,-3343,783,-265,14522,dire
302,21024.0,17712.0,18659.0,17953.0,9985.0,24317.0,21585.0,14804.0,9181.0,9015.0,-2793,-3676,3805,8458,1367,7161,radiant
303,25808.0,24727.0,15976.0,13856.0,10285.0,28108.0,24991.0,17992.0,11011.0,8394.0,-3675,-2446,-1826,2167,1578,-4202,dire
304,30794.0,19834.0,17442.0,12175.0,10225.0,18468.0,18964.0,16728.0,9616.0,9551.0,12271,709,1332,2710,718,17740,radiant
305,25290.0,20083.0,13927.0,11938.0,7830.0,25607.0,17490.0,18091.0,14501.0,10527.0,6,2620,-3843,-2699,-2458,-6374,dire
306,22428.0,20236.0,16248.0,10344.0,9033.0,22086.0,19698.0,17052.0,12393.0,10301.0,-350,-20,-1174,-2368,-1452,-5364,dire
307,23474.0,21519.0,17937.0,10111.0,9612.0,21463.0,19441.0,13168.0,9981.0,7274.0,2731,1279,4480,244,2462,11196,radiant
308,18821.0,11400.0,11635.0,9489.0,8750.0,20977.0,20069.0,16624.0,13236.0,11856.0,-521,-7117,-4816,-2945,-2706,-18105,dire
309,25988.0,19807.0,18166.0,13797.0,14046.0,24076.0,15149.0,14747.0,10893.0,8429.0,2358,4966,4419,3781,5544,21068,radiant
310,24307.0,17844.0,16696.0,11344.0,9512.0,21140.0,21180.0,20480.0,15060.0,11667.0,3086,-3477,-3938,-3687,-1809,-9825,radiant
311,19443.0,18399.0,16690.0,10709.0,9590.0,24413.0,21894.0,21233.0,12635.0,10782.0,-5061,-3840,-4719,-2097,-1822,-17539,dire
312,23031.0,21970.0,17063.0,12328.0,10503.0,22617.0,16086.0,14621.0,12978.0,9484.0,1130,6688,3231,-338,1135,11846,radiant
313,24095.0,15759.0,14328.0,13251.0,11236.0,21401.0,21349.0,22580.0,13354.0,12778.0,2958,-5266,-7966,783,-1004,-10495,dire
314,25030.0,18309.0,19135.0,10278.0,9222.0,30252.0,18504.0,15623.0,10435.0,8903.0,-3516,-491,3531,428,655,607,dire
315,20589.0,21032.0,20291.0,15697.0,9076.0,25978.0,18367.0,20185.0,17188.0,12694.0,-4607,1802,439,-2180,-3542,-8088,dire
316,21754.0,17367.0,13219.0,12360.0,12486.0,22228.0,17147.0,16973.0,11172.0,9691.0,-2308,-1388,-4914,396,1629,-6585,dire
317,22240.0,20587.0,21156.0,12790.0,11337.0,20418.0,16806.0,14747.0,12655.0,11903.0,1683,4777,5410,-388,-443,11039,radiant
318,20490.0,16744.0,13151.0,10359.0,7215.0,26670.0,19689.0,16268.0,10714.0,11409.0,-5584,-3077,-3111,-396,-4001,-16169,dire
319,20028.0,19686.0,13411.0,12437.0,7778.0,24112.0,19720.0,14568.0,11440.0,10415.0,-3238,-148,-1830,829,-2296,-6683,radiant
320,20394.0,13167.0,12331.0,9196.0,7602.0,20017.0,20185.0,18207.0,13833.0,10572.0,-776,-7775,-6824,-4540,-3500,-23415,dire
321,21010.0,19491.0,20251.0,15879.0,12639.0,24838.0,17440.0,16811.0,12226.0,9055.0,-3506,1918,3476,4275,4110,10273,radiant
322,21664.0,17676.0,16441.0,13824.0,9877.0,20149.0,19463.0,17764.0,9606.0,8427.0,1006,-1920,-1408,4452,1345,3475,dire
323,19835.0,15860.0,17201.0,9835.0,10116.0,19499.0,17713.0,16995.0,13536.0,11231.0,417,-1319,171,-4029,-1051,-5811,radiant
324,24841.0,23153.0,17717.0,10450.0,10425.0,20314.0,20033.0,17215.0,10529.0,10301.0,5456,3207,1097,407,509,10676,radiant
325,21064.0,18078.0,14917.0,13272.0,8515.0,27200.0,19449.0,17419.0,13434.0,10962.0,-5597,-719,-1880,139,-2011,-10068,dire
326,21392.0,18716.0,16534.0,12801.0,13554.0,25328.0,22883.0,16437.0,8635.0,8421.0,-4512,-4647,-172,3922,5175,-234,radiant
327,22099.0,19842.0,17058.0,16592.0,12261.0,19848.0,16177.0,14879.0,12546.0,9173.0,1646,5221,2662,4502,3444,17475,radiant
328,23311.0,21760.0,17764.0,14412.0,12909.0,17826.0,17242.0,15349.0,7575.0,6903.0,6311,4458,2684,7072,5906,26431,radiant
329,25994.0,24893.0,22510.0,15894.0,14218.0,23570.0,19640.0,14390.0,8676.0,8184.0,992,4956,7863,6706,5712,26229,radiant
330,26556.0,17200.0,13844.0,10658.0,9668.0,18028.0,17660.0,18349.0,10089.0,9210.0,8371,-668,-4827,183,210,3269,radiant
331,23237.0,16799.0,15446.0,11952.0,8912.0,23967.0,23096.0,20631.0,12228.0,11679.0,-183,-5567,-4776,135,-2372,-12763,dire
332,16340.0,15845.0,18596.0,13315.0,9592.0,22303.0,21620.0,14723.0,14885.0,10175.0,-5474,-5812,4203,-1594,-218,-8895,radiant
333,24126.0,19323.0,17509.0,13111.0,10059.0,24857.0,24983.0,17395.0,15558.0,13041.0,-2434,-6168,-404,-2707,-3091,-14804,dire
334,20118.0,19786.0,16434.0,12870.0,10049.0,26886.0,22225.0,19331.0,14429.0,11488.0,-5582,-1648,-3344,-1389,-1965,-13928,dire
335,22597.0,21276.0,18828.0,13002.0,8614.0,24420.0,20308.0,17194.0,19207.0,14404.0,-1231,1835,1290,-4989,-4892,-7987,radiant
336,22185.0,19238.0,16949.0,15632.0,10946.0,24724.0,18281.0,12578.0,12962.0,9044.0,-1392,1602,4959,2928,2007,10104,radiant
337,18901.0,16157.0,15798.0,13152.0,9005.0,23359.0,21342.0,18783.0,11110.0,10859.0,-4342,-5374,-3086,2238,-1948,-12512,dire
338,20427.0,16641.0,15105.0,10570.0,10689.0,23633.0,17842.0,16521.0,12464.0,9014.0,-3311,-1265,-1423,-1723,1756,-5966,radiant
339,24078.0,21081.0,18561.0,11066.0,11331.0,23560.0,24621.0,18740.0,15069.0,10439.0,241,-4414,135,-3939,925,-7052,dire
340,20267.0,17320.0,14587.0,9984.0,7717.0,17879.0,18777.0,16726.0,10518.0,10617.0,2485,-1229,-2068,-512,-2773,-4097,radiant
341,18461.0,17634.0,20343.0,10894.0,9032.0,22859.0,14204.0,14089.0,11166.0,9617.0,-4248,4509,6211,-65,288,6695,radiant
342,22863.0,22185.0,18222.0,14631.0,12281.0,30062.0,24392.0,16168.0,12344.0,12483.0,-8598,-3117,709,910,-1309,-11405,dire
343,21431.0,19123.0,14532.0,9909.0,8385.0,19537.0,20832.0,19520.0,14452.0,13306.0,1689,-2078,-5530,-4710,-4867,-15496,dire
344,20785.0,22358.0,19740.0,13378.0,13140.0,26504.0,21754.0,18256.0,12572.0,10347.0,-5421,486,797,893,3172,-73,radiant
345,22592.0,17835.0,16194.0,14327.0,11515.0,26394.0,20166.0,19841.0,12405.0,11968.0,-1362,-797,-2583,3248,885,-609,radiant
346,25689.0,16223.0,15987.0,14735.0,10062.0,23921.0,16745.0,16012.0,14451.0,9709.0,1150,-342,-264,166,381,1091,radiant
347,22572.0,21912.0,15600.0,12498.0,11130.0,28240.0,17664.0,17288.0,11465.0,9868.0,-6652,2602,-2884,494,677,-5763,dire
348,24376.0,19824.0,18411.0,10423.0,10185.0,22553.0,15784.0,15610.0,10937.0,10290.0,2074,4596,2933,-505,58,9156,radiant
349,20490.0,21032.0,14205.0,14017.0,11787.0,21687.0,17449.0,15760.0,14625.0,9804.0,-1016,3066,-1349,-900,2090,1891,dire
350,19117.0,18083.0,17389.0,10578.0,8759.0,26636.0,23783.0,18898.0,11394.0,10378.0,-8248,-5644,-1878,-1448,-2035,-19253,dire
351,18785.0,16656.0,17565.0,15773.0,11962.0,25154.0,20307.0,14666.0,11313.0,7465.0,-5688,-3006,3574,5270,5488,5638,radiant
352,21882.0,18343.0,18134.0,11830.0,8505.0,20551.0,20849.0,16075.0,11610.0,10119.0,1039,-2291,2159,406,-1516,-203,radiant
353,15922.0,14896.0,16020.0,11979.0,8837.0,25020.0,20414.0,17540.0,15336.0,12171.0,-9305,-6353,-695,-3502,-2986,-22841,dire
354,22784.0,15200.0,12452.0,8258.0,7361.0,28238.0,17666.0,14592.0,9883.0,8782.0,-6703,-2561,-2280,-1727,-1949,-15220,dire
355,25845.0,21868.0,14711.0,11057.0,9637.0,17541.0,15778.0,15612.0,10822.0,8390.0,8085,7553,357,1160,1939,19094,radiant
356,19974.0,17657.0,11832.0,9482.0,7744.0,24559.0,19846.0,18552.0,12801.0,12158.0,-4704,-2371,-7101,-3475,-4689,-22340,dire
357,16978.0,15557.0,14927.0,10656.0,8904.0,28032.0,20518.0,17759.0,11784.0,10562.0,-10868,-4412,-2388,-975,-1513,-20156,dire
358,27140.0,19066.0,12946.0,11867.0,10946.0,24077.0,17031.0,16341.0,14396.0,8962.0,4474,1554,-2746,-2814,1865,2333,dire
359,20308.0,17087.0,15005.0,11467.0,11433.0,21253.0,20123.0,16734.0,13032.0,13211.0,-647,-3609,-2211,-1835,-2025,-10327,radiant
360,24635.0,20627.0,19146.0,12043.0,11685.0,21108.0,16880.0,14918.0,13496.0,8406.0,2446,3869,3928,-1260,3593,12576,radiant
361,17491.0,17937.0,17933.0,12586.0,12021.0,18904.0,14245.0,13260.0,11015.0,8497.0,-1749,3212,4547,1478,3694,11182,radiant
362,26734.0,19710.0,18887.0,13298.0,10661.0,16908.0,16102.0,14608.0,7929.0,7240.0,8036,3211,3957,5211,3509,23924,radiant
363,17363.0,15826.0,16229.0,9774.0,10414.0,26478.0,19714.0,15555.0,11640.0,11651.0,-8689,-3097,980,-1789,-1047,-13642,dire
364,19983.0,18071.0,16482.0,11060.0,9533.0,21661.0,19303.0,15275.0,15908.0,12836.0,-441,72,3064,-3615,-2909,-3829,dire
365,21329.0,20362.0,17611.0,9743.0,7624.0,20444.0,18759.0,16695.0,12972.0,11456.0,701,1762,521,-2779,-3739,-3534,radiant
366,20720.0,20342.0,19608.0,11025.0,9618.0,26291.0,14329.0,15085.0,9799.0,7158.0,-4653,5000,4942,1283,2873,9445,radiant
367,19387.0,17095.0,15532.0,10737.0,7317.0,30050.0,20509.0,17846.0,14017.0,11729.0,-11973,-3522,-3266,-4959,-5138,-28858,dire
368,23620.0,18070.0,16505.0,13136.0,11932.0,24968.0,16997.0,14607.0,14956.0,9476.0,253,2219,2110,-1011,3000,6571,radiant
369,19964.0,18678.0,14090.0,11582.0,6858.0,23616.0,17131.0,16709.0,12491.0,12079.0,-4003,1260,-2891,-1466,-5691,-12791,radiant
370,23802.0,18948.0,19967.0,15619.0,11395.0,20146.0,19285.0,14639.0,11399.0,10928.0,1824,-243,4742,4002,252,10577,dire
371,17816.0,17589.0,15655.0,11743.0,11031.0,22473.0,18145.0,17319.0,11048.0,11369.0,-4637,-1029,-1944,290,-545,-7865,dire
372,17930.0,15676.0,17103.0,9093.0,7782.0,25656.0,18863.0,17448.0,14563.0,11352.0,-6238,-1825,1031,-3990,-3591,-14613,dire
373,23006.0,20083.0,18766.0,11582.0,10289.0,17867.0,16953.0,12627.0,15030.0,8018.0,5358,3099,5474,-3174,2151,12908,radiant
374,27907.0,19977.0,16311.0,11183.0,9570.0,21387.0,20126.0,14587.0,8481.0,9363.0,6517,-230,1614,2538,352,10791,radiant
375,26831.0,15976.0,14633.0,8161.0,7551.0,20506.0,22216.0,19412.0,12272.0,9617.0,5133,-6341,-4719,-4914,-2332,-13173,dire
376,18705.0,16687.0,16467.0,7809.0,5511.0,28515.0,25384.0,19172.0,16426.0,10484.0,-8414,-8271,-2492,-8664,-5502,-33343,dire
377,20250.0,17467.0,17988.0,14226.0,11482.0,18973.0,16868.0,15848.0,10262.0,8247.0,1312,898,2039,3685,3296,11230,radiant
378,24436.0,17634.0,14953.0,10440.0,9266.0,19071.0,16385.0,17655.0,9686.0,8333.0,5949,1040,-2255,979,835,6548,dire
379,18342.0,14472.0,14311.0,9041.0,8567.0,22954.0,18616.0,17842.0,13333.0,9416.0,-5435,-4904,-3345,-4862,-1327,-19873,dire
380,19917.0,18603.0,14263.0,12828.0,8357.0,28025.0,21747.0,16433.0,13175.0,10266.0,-9304,-3267,-3073,-166,-2228,-18038,dire
381,20738.0,15781.0,12809.0,12329.0,10061.0,27765.0,17210.0,14155.0,10359.0,10734.0,-6844,-1154,-774,2153,-88,-6707,radiant
382,19295.0,14186.0,12771.0,12378.0,10947.0,22305.0,19305.0,18526.0,12622.0,12848.0,-4095,-5353,-3940,-703,-2106,-16197,dire
383,25480.0,20476.0,19696.0,15103.0,11928.0,20030.0,18785.0,15675.0,15757.0,11995.0,5173,2170,3640,-438,470,11015,radiant
384,18210.0,17131.0,15300.0,10305.0,8370.0,26806.0,21094.0,20856.0,12241.0,11718.0,-9969,-4963,-6395,-3154,-4128,-28609,dire
385,23442.0,15876.0,16476.0,10649.0,9369.0,20310.0,19163.0,15558.0,8868.0,9107.0,2988,-4236,-375,1071,-755,-1307,dire
386,25010.0,19348.0,15227.0,7614.0,7857.0,20851.0,19406.0,18950.0,12018.0,11389.0,4283,-315,-3838,-4577,-3816,-8263,dire
387,20960.0,16964.0,16823.0,8734.0,7646.0,28430.0,17828.0,16409.0,12603.0,12342.0,-6941,-709,359,-3287,-4679,-15257,dire
388,25802.0,17427.0,17588.0,9815.0,10001.0,30907.0,19342.0,18284.0,11526.0,8193.0,-3960,-1855,-224,-1408,2227,-5220,dire
389,27036.0,19008.0,15718.0,12309.0,7627.0,26072.0,16137.0,13695.0,10137.0,8730.0,1718,3808,1888,2445,-1104,8755,radiant
390,23619.0,19700.0,18131.0,15098.0,8780.0,19373.0,16670.0,14278.0,11754.0,12150.0,4722,4046,3694,3469,-2547,13384,radiant
391,24392.0,19537.0,17494.0,10888.0,10280.0,22521.0,20477.0,18132.0,10078.0,10125.0,1657,-1514,-1553,459,-144,-1095,radiant
392,21789.0,14962.0,15180.0,10694.0,8225.0,22983.0,24183.0,16552.0,14802.0,13315.0,-2102,-9168,-1126,-4529,-5529,-22454,dire
393,20458.0,20635.0,15659.0,8255.0,8118.0,23393.0,20637.0,18668.0,11081.0,10059.0,-3374,-1728,-2860,-3483,-2582,-14027,dire
394,22314.0,18410.0,16189.0,11607.0,10800.0,26452.0,17217.0,16539.0,11073.0,9117.0,-2315,1733,1234,1010,2765,4427,dire
395,21679.0,18670.0,17642.0,8944.0,8406.0,23489.0,19995.0,16860.0,13985.0,11555.0,-3902,-1854,633,-5468,-4156,-14747,dire
396,19851.0,17890.0,17355.0,11791.0,9168.0,21691.0,19200.0,14892.0,11472.0,9847.0,-2826,-1799,2832,99,-828,-2522,radiant
397,26137.0,18035.0,17465.0,12156.0,9460.0,23591.0,18042.0,14368.0,10643.0,10436.0,2745,-28,3910,1545,-1128,7044,radiant
398,19383.0,17357.0,15563.0,11418.0,8699.0,31526.0,19753.0,17957.0,13004.0,13626.0,-11940,-2083,-2322,-1262,-4779,-22386,dire
399,16538.0,15525.0,15032.0,13919.0,10405.0,21806.0,20293.0,18100.0,15871.0,9246.0,-6147,-5430,-3375,-2210,446,-16716,dire
400,22768.0,16442.0,17223.0,10743.0,9656.0,26278.0,21681.0,19355.0,11504.0,11733.0,-3717,-5433,-1745,-901,-2050,-13846,dire
401,21497.0,16429.0,15949.0,15479.0,10983.0,18783.0,16870.0,15628.0,11359.0,10630.0,1212,-2231,-1597,3141,-736,-211,dire
402,29025.0,19935.0,16334.0,12963.0,7997.0,24469.0,18348.0,12765.0,12038.0,10770.0,4124,1595,3486,820,-2724,7301,dire
403,18928.0,17963.0,18070.0,16276.0,10355.0,23768.0,19256.0,18910.0,13725.0,11390.0,-5320,-1040,-1495,2989,-1357,-6223,dire
404,20177.0,19255.0,18818.0,11448.0,8974.0,26261.0,19554.0,18228.0,10919.0,10508.0,-5758,-261,339,508,-1802,-6974,dire
405,18325.0,19145.0,20080.0,10010.0,10531.0,19979.0,15697.0,14958.0,13778.0,14033.0,-3175,3537,4418,-3742,-3341,-2303,dire
406,25194.0,20791.0,18112.0,12383.0,9715.0,21812.0,16062.0,13865.0,10882.0,7358.0,3993,4443,4000,1883,2684,17003,radiant
407,20189.0,20437.0,14327.0,12883.0,11735.0,23807.0,20081.0,19662.0,11876.0,8219.0,-3196,-214,-5345,822,3487,-4446,dire
408,26286.0,22345.0,17631.0,15195.0,10707.0,24453.0,17617.0,15352.0,12502.0,10071.0,1660,5662,1182,3317,534,12355,radiant
409,20130.0,20217.0,19777.0,13414.0,10904.0,22768.0,19255.0,14992.0,15092.0,10631.0,-2784,964,4164,-1113,482,1713,dire
410,18711.0,18464.0,15928.0,16026.0,10614.0,22561.0,20018.0,18978.0,13961.0,15158.0,-3399,-1518,-2817,2098,-4059,-9695,radiant
411,24120.0,19132.0,16007.0,9169.0,8112.0,21441.0,16293.0,16288.0,10065.0,8535.0,3353,1960,-310,-695,-348,3960,radiant
412,25122.0,15623.0,14914.0,12358.0,8395.0,24848.0,22983.0,15330.0,14303.0,14498.0,577,-6787,-365,-1424,-5909,-13908,dire
413,18866.0,15700.0,12854.0,8714.0,6650.0,26293.0,14335.0,14778.0,11812.0,10599.0,-8666,1108,-2606,-3182,-4080,-17426,dire
414,18834.0,15739.0,16758.0,11192.0,8172.0,22348.0,20582.0,19757.0,15503.0,13790.0,-3920,-4749,-3190,-4626,-5542,-22027,dire
415,20226.0,15357.0,14138.0,10525.0,8087.0,19801.0,19619.0,19631.0,12318.0,10911.0,626,-5018,-5550,-1862,-2797,-14601,dire
416,22275.0,18630.0,14973.0,13360.0,10465.0,23693.0,19360.0,19108.0,11842.0,7687.0,-1262,-1034,-3992,1405,2752,-2131,dire
417,24439.0,19286.0,12939.0,15476.0,9805.0,23077.0,15597.0,15172.0,10007.0,10052.0,2713,3838,-2345,5310,138,9654,dire
418,23338.0,21591.0,19788.0,9331.0,8729.0,18045.0,18756.0,15538.0,9987.0,7851.0,5272,2858,4699,-623,1020,13226,radiant
419,22828.0,17837.0,12097.0,11990.0,9740.0,26629.0,23207.0,17867.0,11594.0,12047.0,-4395,-4719,-6168,223,-2233,-17292,dire
420,18867.0,18117.0,14817.0,9300.0,8050.0,22715.0,19108.0,14959.0,11690.0,9517.0,-4489,-1141,-281,-2723,-1397,-10031,dire
421,23265.0,18849.0,17289.0,11329.0,7160.0,20042.0,21409.0,18334.0,9724.0,10230.0,2492,-3286,-989,1519,-2843,-3107,dire
422,23074.0,19549.0,17540.0,17108.0,10805.0,15836.0,16373.0,15699.0,9874.0,9346.0,6163,3158,1338,7122,1124,18905,radiant
423,23856.0,19732.0,20765.0,14555.0,11388.0,28504.0,24349.0,17291.0,11813.0,11130.0,-4594,-3711,2022,2306,-15,-3992,dire
424,19166.0,16544.0,16526.0,10739.0,8500.0,21690.0,20945.0,17588.0,8276.0,7048.0,-2206,-4428,-685,2698,1063,-3558,dire
425,24488.0,18415.0,15439.0,9499.0,9565.0,23528.0,16671.0,15490.0,9640.0,7804.0,1228,1561,182,-21,1991,4941,radiant
426,21008.0,17335.0,12120.0,11488.0,8793.0,20160.0,18222.0,17446.0,13075.0,11362.0,-1058,-631,-5550,-2217,-3333,-12789,dire
427,22181.0,19035.0,17895.0,13708.0,10242.0,21940.0,19353.0,16716.0,14309.0,10855.0,957,-99,1284,-439,-725,978,dire
428,24186.0,17224.0,15879.0,10466.0,8370.0,27787.0,16812.0,16722.0,12253.0,10513.0,-4124,322,-952,-2176,-1812,-8742,dire
429,21778.0,20992.0,19516.0,13570.0,12835.0,18378.0,14850.0,14547.0,12529.0,10852.0,4091,7399,6124,2644,2817,23075,radiant
430,21054.0,17185.0,18513.0,14115.0,12016.0,21203.0,18735.0,16889.0,12770.0,9933.0,-992,-2460,1443,554,2179,724,radiant
431,17614.0,14641.0,14338.0,9053.0,7084.0,24910.0,20072.0,18960.0,12627.0,10218.0,-8533,-5892,-5264,-3780,-3525,-26994,dire
432,23242.0,17267.0,15576.0,8776.0,7495.0,22200.0,17225.0,15694.0,9924.0,9873.0,923,-180,382,-801,-2295,-1971,dire
433,21103.0,21056.0,19068.0,13149.0,12888.0,18996.0,18846.0,17882.0,16570.0,13139.0,1502,2502,1136,-2453,-438,2249,radiant
434,18222.0,16195.0,13270.0,8994.0,9224.0,22514.0,18170.0,15020.0,13882.0,10197.0,-4080,-2538,-1134,-4258,-963,-12973,dire
435,20450.0,18990.0,16653.0,14247.0,11081.0,25489.0,18629.0,16838.0,15239.0,13413.0,-3302,589,-274,-605,-1836,-5428,dire
436,24980.0,16720.0,14968.0,17402.0,10926.0,25462.0,18760.0,18626.0,14897.0,12680.0,-418,-1615,-3515,2857,-1425,-4116,radiant
437,21161.0,20881.0,15949.0,12870.0,12180.0,22404.0,16305.0,13975.0,9506.0,7761.0,-1098,5076,2403,3463,4450,14294,radiant
438,22309.0,16487.0,14459.0,9459.0,7979.0,22784.0,18155.0,15268.0,11360.0,10647.0,-843,-1372,-305,-1724,-2395,-6639,dire
439,21472.0,16822.0,14017.0,9605.0,9228.0,24093.0,21166.0,18019.0,13224.0,12208.0,-3113,-4649,-4040,-3929,-3103,-18834,dire
440,20118.0,21447.0,19138.0,16559.0,13265.0,21434.0,17615.0,16644.0,11008.0,11592.0,-1570,2422,1566,4265,912,7595,dire
441,19302.0,18648.0,18249.0,12584.0,12718.0,22218.0,22667.0,20322.0,11038.0,10387.0,-3550,-5238,-3650,997,1568,-9873,dire
442,23529.0,20844.0,14885.0,8807.0,8477.0,27415.0,22997.0,18076.0,13168.0,11684.0,-3968,-2386,-2899,-4356,-3348,-16957,dire
443,18959.0,16598.0,18271.0,11846.0,7549.0,20085.0,20429.0,15936.0,12856.0,10210.0,-669,-2259,2189,-459,-2375,-3573,dire
444,20753.0,17319.0,10859.0,11531.0,10287.0,20259.0,22449.0,14474.0,7190.0,7619.0,819,-4718,-3769,4445,2699,-524,dire
445,20117.0,19189.0,15082.0,10971.0,8119.0,26519.0,20844.0,15925.0,10658.0,9182.0,-7037,-545,-883,-135,-1219,-9819,dire
446,20219.0,17065.0,15610.0,10493.0,9976.0,27261.0,17166.0,17368.0,15542.0,12096.0,-7155,-332,-1907,-4772,-2223,-16389,dire
447,20765.0,19373.0,16604.0,13214.0,9462.0,22680.0,21439.0,12856.0,12546.0,8652.0,-2668,-2065,3866,688,653,474,dire
448,28897.0,17665.0,13363.0,10644.0,11261.0,19559.0,16484.0,14676.0,16053.0,9151.0,7857,476,-1612,-6711,1457,1467,radiant
449,15580.0,15431.0,9862.0,14441.0,10584.0,23757.0,20283.0,16156.0,11995.0,10966.0,-7881,-5085,-5929,2015,-291,-17171,dire
450,21318.0,20284.0,19983.0,15095.0,14153.0,24038.0,18182.0,15662.0,15130.0,9636.0,-761,2398,5077,1229,5817,13760,radiant
451,20923.0,20796.0,15204.0,13853.0,10418.0,19836.0,20473.0,15012.0,9153.0,8445.0,752,649,-103,5112,2058,8468,radiant
452,19965.0,20317.0,18916.0,11637.0,12627.0,20994.0,16529.0,16533.0,11276.0,9241.0,-173,5076,2998,1179,3980,13060,radiant
453,23328.0,21205.0,22175.0,12865.0,11145.0,24078.0,19392.0,16112.0,9708.0,9155.0,-539,541,5813,2746,1698,10259,radiant
454,22386.0,20721.0,20378.0,10363.0,10581.0,21449.0,20563.0,14040.0,8939.0,9777.0,1626,1506,6793,2001,1280,13206,radiant
455,26740.0,17532.0,16445.0,12862.0,12961.0,23399.0,19187.0,13834.0,14769.0,14610.0,4660,-1346,2800,-547,-1250,4317,dire
456,20571.0,19074.0,14056.0,10375.0,8586.0,24439.0,17525.0,15348.0,11302.0,9598.0,-3890,1299,-1560,-1359,-1314,-6824,dire
457,18708.0,14725.0,15636.0,11190.0,9557.0,19492.0,17030.0,17147.0,9016.0,8591.0,-1390,-2863,-1289,1962,835,-2745,dire
458,23731.0,14469.0,13033.0,13754.0,11719.0,22744.0,22915.0,17938.0,13030.0,11452.0,310,-8373,-4977,546,63,-12431,dire
459,27687.0,21877.0,19994.0,11182.0,10706.0,23527.0,21299.0,16699.0,9740.0,10143.0,3171,-5,3330,1484,595,8575,radiant
460,23910.0,19822.0,16380.0,12071.0,10373.0,26300.0,20711.0,19341.0,14010.0,12189.0,-1483,-548,-2305,-2204,-1660,-8200,radiant
461,22353.0,20052.0,16785.0,9980.0,9108.0,22900.0,20866.0,18419.0,13113.0,10596.0,41,-1129,-2202,-3068,-1496,-7854,dire
