id,name,localized_name,primary_attr,attack_type,roles,legs
1,npc_dota_hero_antimage,Anti-Mage,agi,Melee,"Carry,Escape,Nuker",2
2,npc_dota_hero_axe,Axe,str,Melee,"Initiator,Durable,Disabler,Carry",2
3,npc_dota_hero_bane,Bane,all,Ranged,"Support,Disabler,Nuker,Durable",4
4,npc_dota_hero_bloodseeker,Bloodseeker,agi,Melee,"Carry,Disabler,Nuker,Initiator",2
5,npc_dota_hero_crystal_maiden,Crystal Maiden,int,Ranged,"Support,Disabler,Nuker",2
6,npc_dota_hero_drow_ranger,Drow Ranger,agi,Ranged,"Carry,Disabler,Pusher",2
7,npc_dota_hero_earthshaker,Earthshaker,str,Melee,"Support,Initiator,Disabler,Nuker",2
8,npc_dota_hero_juggernaut,Juggernaut,agi,Melee,"Carry,Pusher,Escape",2
9,npc_dota_hero_mirana,Mirana,all,Ranged,"Carry,Support,Escape,Nuker,Disabler",2
11,npc_dota_hero_nevermore,Shadow Fiend,agi,Ranged,"Carry,Nuker",0
10,npc_dota_hero_morphling,Morphling,agi,Ranged,"Carry,Escape,Durable,Nuker,Disabler",0
12,npc_dota_hero_phantom_lancer,Phantom Lancer,agi,Melee,"Carry,Escape,Pusher,Nuker",2
13,npc_dota_hero_puck,Puck,int,Ranged,"Initiator,Disabler,Escape,Nuker",2
14,npc_dota_hero_pudge,Pudge,str,Melee,"Disabler,Initiator,Durable,Nuker",2
15,npc_dota_hero_razor,Razor,agi,Ranged,"Carry,Durable,Nuker,Pusher",0
16,npc_dota_hero_sand_king,Sand King,all,Melee,"Initiator,Disabler,Support,Nuker,Escape",6
17,npc_dota_hero_storm_spirit,Storm Spirit,int,Ranged,"Carry,Escape,Nuker,Initiator,Disabler",2
18,npc_dota_hero_sven,Sven,str,Melee,"Carry,Disabler,Initiator,Durable,Nuker",2
19,npc_dota_hero_tiny,Tiny,str,Melee,"Carry,Nuker,Pusher,Initiator,Durable,Disabler",2
20,npc_dota_hero_vengefulspirit,Vengeful Spirit,all,Ranged,"Support,Initiator,Disabler,Nuker,Escape",2
21,npc_dota_hero_windrunner,Windranger,all,Ranged,"Carry,Support,Disabler,Escape,Nuker",2
22,npc_dota_hero_zuus,Zeus,int,Ranged,"Nuker,Carry",2
23,npc_dota_hero_kunkka,Kunkka,str,Melee,"Carry,Support,Disabler,Initiator,Durable,Nuker",2
25,npc_dota_hero_lina,Lina,int,Ranged,"Support,Carry,Nuker,Disabler",2
31,npc_dota_hero_lich,Lich,int,Ranged,"Support,Nuker",2
26,npc_dota_hero_lion,Lion,int,Ranged,"Support,Disabler,Nuker,Initiator",2
27,npc_dota_hero_shadow_shaman,Shadow Shaman,int,Ranged,"Support,Pusher,Disabler,Nuker,Initiator",2
28,npc_dota_hero_slardar,Slardar,str,Melee,"Carry,Durable,Initiator,Disabler,Escape",0
29,npc_dota_hero_tidehunter,Tidehunter,str,Melee,"Initiator,Durable,Disabler,Nuker,Carry",2
30,npc_dota_hero_witch_doctor,Witch Doctor,int,Ranged,"Support,Nuker,Disabler",2
32,npc_dota_hero_riki,Riki,agi,Melee,"Carry,Escape,Disabler",2
33,npc_dota_hero_enigma,Enigma,all,Ranged,"Disabler,Initiator,Pusher",0
34,npc_dota_hero_tinker,Tinker,int,Ranged,"Carry,Nuker,Pusher",2
35,npc_dota_hero_sniper,Sniper,agi,Ranged,"Carry,Nuker",2
36,npc_dota_hero_necrolyte,Necrophos,int,Ranged,"Carry,Nuker,Durable,Disabler",2
37,npc_dota_hero_warlock,Warlock,int,Ranged,"Support,Initiator,Disabler",2
38,npc_dota_hero_beastmaster,Beastmaster,all,Melee,"Initiator,Disabler,Durable,Nuker",2
39,npc_dota_hero_queenofpain,Queen of Pain,int,Ranged,"Carry,Nuker,Escape",2
40,npc_dota_hero_venomancer,Venomancer,all,Ranged,"Support,Nuker,Initiator,Pusher,Disabler",0
41,npc_dota_hero_faceless_void,Faceless Void,agi,Melee,"Carry,Initiator,Disabler,Escape,Durable",2
42,npc_dota_hero_skeleton_king,Wraith King,str,Melee,"Carry,Support,Durable,Disabler,Initiator",2
43,npc_dota_hero_death_prophet,Death Prophet,int,Ranged,"Carry,Pusher,Nuker,Disabler",2
44,npc_dota_hero_phantom_assassin,Phantom Assassin,agi,Melee,"Carry,Escape",2
45,npc_dota_hero_pugna,Pugna,int,Ranged,"Nuker,Pusher",2
46,npc_dota_hero_templar_assassin,Templar Assassin,agi,Ranged,"Carry,Escape",2
47,npc_dota_hero_viper,Viper,agi,Ranged,"Carry,Durable,Initiator,Disabler",0
48,npc_dota_hero_luna,Luna,agi,Ranged,"Carry,Nuker,Pusher",2
49,npc_dota_hero_dragon_knight,Dragon Knight,str,Melee,"Carry,Pusher,Durable,Disabler,Initiator,Nuker",2
50,npc_dota_hero_dazzle,Dazzle,all,Ranged,"Support,Nuker,Disabler",2
51,npc_dota_hero_rattletrap,Clockwerk,all,Melee,"Initiator,Disabler,Durable,Nuker",2
52,npc_dota_hero_leshrac,Leshrac,int,Ranged,"Carry,Support,Nuker,Pusher,Disabler",4
53,npc_dota_hero_furion,Nature's Prophet,int,Ranged,"Carry,Pusher,Escape,Nuker",2
54,npc_dota_hero_life_stealer,Lifestealer,str,Melee,"Carry,Durable,Escape,Disabler",2
55,npc_dota_hero_dark_seer,Dark Seer,all,Melee,"Initiator,Escape,Disabler",2
56,npc_dota_hero_clinkz,Clinkz,agi,Ranged,"Carry,Escape,Pusher",2
57,npc_dota_hero_omniknight,Omniknight,str,Melee,"Support,Durable,Nuker",2
58,npc_dota_hero_enchantress,Enchantress,int,Ranged,"Support,Pusher,Durable,Disabler",4
59,npc_dota_hero_huskar,Huskar,str,Ranged,"Carry,Durable,Initiator",2
60,npc_dota_hero_night_stalker,Night Stalker,str,Melee,"Carry,Initiator,Durable,Disabler,Nuker",2
61,npc_dota_hero_broodmother,Broodmother,all,Melee,"Carry,Pusher,Escape,Nuker",8
62,npc_dota_hero_bounty_hunter,Bounty Hunter,agi,Melee,"Escape,Nuker",2
63,npc_dota_hero_weaver,Weaver,agi,Ranged,"Carry,Escape",4
64,npc_dota_hero_jakiro,Jakiro,int,Ranged,"Support,Nuker,Pusher,Disabler",2
65,npc_dota_hero_batrider,Batrider,all,Ranged,"Initiator,Disabler,Escape",2
66,npc_dota_hero_chen,Chen,all,Ranged,"Support,Pusher",2
67,npc_dota_hero_spectre,Spectre,agi,Melee,"Carry,Durable,Escape",0
69,npc_dota_hero_doom_bringer,Doom,str,Melee,"Carry,Disabler,Initiator,Durable,Nuker",2
68,npc_dota_hero_ancient_apparition,Ancient Apparition,int,Ranged,"Support,Disabler,Nuker",0
70,npc_dota_hero_ursa,Ursa,agi,Melee,"Carry,Durable,Disabler",2
71,npc_dota_hero_spirit_breaker,Spirit Breaker,str,Melee,"Carry,Initiator,Disabler,Durable,Escape",2
72,npc_dota_hero_gyrocopter,Gyrocopter,agi,Ranged,"Carry,Nuker,Disabler",2
73,npc_dota_hero_alchemist,Alchemist,str,Melee,"Carry,Support,Durable,Disabler,Initiator,Nuker",2
74,npc_dota_hero_invoker,Invoker,all,Ranged,"Carry,Nuker,Disabler,Escape,Pusher",2
75,npc_dota_hero_silencer,Silencer,int,Ranged,"Carry,Support,Disabler,Initiator,Nuker",2
76,npc_dota_hero_obsidian_destroyer,Outworld Destroyer,int,Ranged,"Carry,Nuker,Disabler",4
77,npc_dota_hero_lycan,Lycan,all,Melee,"Carry,Pusher,Durable,Escape",2
78,npc_dota_hero_brewmaster,Brewmaster,all,Melee,"Carry,Initiator,Durable,Disabler,Nuker",2
79,npc_dota_hero_shadow_demon,Shadow Demon,int,Ranged,"Support,Disabler,Initiator,Nuker",2
80,npc_dota_hero_lone_druid,Lone Druid,all,Ranged,"Carry,Pusher,Durable",2
81,npc_dota_hero_chaos_knight,Chaos Knight,str,Melee,"Carry,Disabler,Durable,Pusher,Initiator",2
82,npc_dota_hero_meepo,Meepo,agi,Melee,"Carry,Escape,Nuker,Disabler,Initiator,Pusher",2
83,npc_dota_hero_treant,Treant Protector,str,Melee,"Support,Initiator,Durable,Disabler,Escape",2
84,npc_dota_hero_ogre_magi,Ogre Magi,str,Melee,"Support,Nuker,Disabler,Durable,Initiator",2
85,npc_dota_hero_undying,Undying,str,Melee,"Support,Durable,Disabler,Nuker",2
86,npc_dota_hero_rubick,Rubick,int,Ranged,"Support,Disabler,Nuker",2
87,npc_dota_hero_disruptor,Disruptor,int,Ranged,"Support,Disabler,Nuker,Initiator",2
88,npc_dota_hero_nyx_assassin,Nyx Assassin,all,Melee,"Disabler,Nuker,Initiator,Escape",6
89,npc_dota_hero_naga_siren,Naga Siren,agi,Melee,"Carry,Support,Pusher,Disabler,Initiator,Escape",0
90,npc_dota_hero_keeper_of_the_light,Keeper of the Light,int,Ranged,"Support,Nuker,Disabler",2
91,npc_dota_hero_wisp,Io,all,Ranged,"Support,Escape,Nuker",0
92,npc_dota_hero_visage,Visage,all,Ranged,"Support,Nuker,Durable,Disabler,Pusher",2
93,npc_dota_hero_slark,Slark,agi,Melee,"Carry,Escape,Disabler,Nuker",2
94,npc_dota_hero_medusa,Medusa,agi,Ranged,"Carry,Disabler,Durable",0
95,npc_dota_hero_troll_warlord,Troll Warlord,agi,Ranged,"Carry,Pusher,Disabler,Durable",2
96,npc_dota_hero_centaur,Centaur Warrunner,str,Melee,"Durable,Initiator,Disabler,Nuker,Escape",4
97,npc_dota_hero_magnataur,Magnus,all,Melee,"Initiator,Disabler,Nuker,Escape",4
98,npc_dota_hero_shredder,Timbersaw,all,Melee,"Nuker,Durable,Escape",2
99,npc_dota_hero_bristleback,Bristleback,str,Melee,"Carry,Durable,Initiator,Nuker",2
100,npc_dota_hero_tusk,Tusk,str,Melee,"Initiator,Disabler,Nuker",2
101,npc_dota_hero_skywrath_mage,Skywrath Mage,int,Ranged,"Support,Nuker,Disabler",2
102,npc_dota_hero_abaddon,Abaddon,all,Melee,"Support,Carry,Durable",2
103,npc_dota_hero_elder_titan,Elder Titan,str,Melee,"Initiator,Disabler,Nuker,Durable",2
104,npc_dota_hero_legion_commander,Legion Commander,str,Melee,"Carry,Disabler,Initiator,Durable,Nuker",2
106,npc_dota_hero_ember_spirit,Ember Spirit,agi,Melee,"Carry,Escape,Nuker,Disabler,Initiator",2
107,npc_dota_hero_earth_spirit,Earth Spirit,str,Melee,"Nuker,Escape,Disabler,Initiator,Durable",2
109,npc_dota_hero_terrorblade,Terrorblade,agi,Melee,"Carry,Pusher,Nuker",2
110,npc_dota_hero_phoenix,Phoenix,all,Ranged,"Support,Nuker,Initiator,Escape,Disabler",2
111,npc_dota_hero_oracle,Oracle,int,Ranged,"Support,Nuker,Disabler,Escape",2
112,npc_dota_hero_winter_wyvern,Winter Wyvern,all,Ranged,"Support,Disabler,Nuker",2
113,npc_dota_hero_arc_warden,Arc Warden,agi,Ranged,"Carry,Escape,Nuker",2
108,npc_dota_hero_abyssal_underlord,Underlord,str,Melee,"Support,Nuker,Disabler,Durable,Escape",2
114,npc_dota_hero_monkey_king,Monkey King,agi,Melee,"Carry,Escape,Disabler,Initiator",2
120,npc_dota_hero_pangolier,Pangolier,all,Melee,"Carry,Nuker,Disabler,Durable,Escape,Initiator",2
119,npc_dota_hero_dark_willow,Dark Willow,all,Ranged,"Support,Nuker,Disabler,Escape",2
121,npc_dota_hero_grimstroke,Grimstroke,int,Ranged,"Support,Nuker,Disabler,Escape",0
129,npc_dota_hero_mars,Mars,str,Melee,"Carry,Initiator,Disabler,Durable",2
126,npc_dota_hero_void_spirit,Void Spirit,all,Melee,"Carry,Escape,Nuker,Disabler",2
128,npc_dota_hero_snapfire,Snapfire,all,Ranged,"Support,Nuker,Disabler,Escape",2
123,npc_dota_hero_hoodwink,Hoodwink,agi,Ranged,"Support,Nuker,Escape,Disabler",4
135,npc_dota_hero_dawnbreaker,Dawnbreaker,str,Melee,"Carry,Durable",2
136,npc_dota_hero_marci,Marci,all,Melee,"Support,Carry,Initiator,Disabler,Escape",2
137,npc_dota_hero_primal_beast,Primal Beast,str,Melee,"Initiator,Durable,Disabler",2
138,npc_dota_hero_muerta,Muerta,int,Ranged,"Carry,Nuker,Disabler",2
105,npc_dota_hero_techies,Techies,all,Ranged,"Nuker,Disabler",6